-- MySQL dump 10.13  Distrib 5.7.21, for Linux (x86_64)
--
-- Host: localhost    Database: wendsome
-- ------------------------------------------------------
-- Server version	5.7.21-1

/*!40101 SET @OLD_CHARACTER_SET_CLIENT=@@CHARACTER_SET_CLIENT */;
/*!40101 SET @OLD_CHARACTER_SET_RESULTS=@@CHARACTER_SET_RESULTS */;
/*!40101 SET @OLD_COLLATION_CONNECTION=@@COLLATION_CONNECTION */;
/*!40101 SET NAMES utf8 */;
/*!40103 SET @OLD_TIME_ZONE=@@TIME_ZONE */;
/*!40103 SET TIME_ZONE='+00:00' */;
/*!40014 SET @OLD_UNIQUE_CHECKS=@@UNIQUE_CHECKS, UNIQUE_CHECKS=0 */;
/*!40014 SET @OLD_FOREIGN_KEY_CHECKS=@@FOREIGN_KEY_CHECKS, FOREIGN_KEY_CHECKS=0 */;
/*!40101 SET @OLD_SQL_MODE=@@SQL_MODE, SQL_MODE='NO_AUTO_VALUE_ON_ZERO' */;
/*!40111 SET @OLD_SQL_NOTES=@@SQL_NOTES, SQL_NOTES=0 */;

--
-- Table structure for table `ajustements`
--

DROP TABLE IF EXISTS `ajustements`;
/*!40101 SET @saved_cs_client     = @@character_set_client */;
/*!40101 SET character_set_client = utf8 */;
CREATE TABLE `ajustements` (
  `id` int(10) unsigned NOT NULL AUTO_INCREMENT,
  `stockNumerique` int(11) NOT NULL,
  `stockPhysique` int(11) NOT NULL,
  `users_id` int(10) unsigned NOT NULL,
  `produits_id` int(10) unsigned NOT NULL,
  `deleted_at` timestamp NULL DEFAULT NULL,
  `created_at` timestamp NULL DEFAULT NULL,
  `updated_at` timestamp NULL DEFAULT NULL,
  PRIMARY KEY (`id`),
  KEY `ajustements_users_id_foreign` (`users_id`),
  KEY `ajustements_produits_id_foreign` (`produits_id`),
  CONSTRAINT `ajustements_produits_id_foreign` FOREIGN KEY (`produits_id`) REFERENCES `produits` (`id`),
  CONSTRAINT `ajustements_users_id_foreign` FOREIGN KEY (`users_id`) REFERENCES `users` (`id`)
) ENGINE=InnoDB DEFAULT CHARSET=utf8mb4 COLLATE=utf8mb4_unicode_ci;
/*!40101 SET character_set_client = @saved_cs_client */;

--
-- Dumping data for table `ajustements`
--

LOCK TABLES `ajustements` WRITE;
/*!40000 ALTER TABLE `ajustements` DISABLE KEYS */;
/*!40000 ALTER TABLE `ajustements` ENABLE KEYS */;
UNLOCK TABLES;

--
-- Table structure for table `approvissionnement_produits`
--

DROP TABLE IF EXISTS `approvissionnement_produits`;
/*!40101 SET @saved_cs_client     = @@character_set_client */;
/*!40101 SET character_set_client = utf8 */;
CREATE TABLE `approvissionnement_produits` (
  `id` int(10) unsigned NOT NULL AUTO_INCREMENT,
  `prixUnitaire` int(11) DEFAULT NULL,
  `quantite` int(11) NOT NULL,
  `prixTotal` int(11) NOT NULL,
  `conditionnement` int(11) NOT NULL COMMENT '12 pack ,6 demi pack ,1 bouteille',
  `fournisseurs_id` int(10) unsigned NOT NULL,
  `produits_id` int(10) unsigned NOT NULL,
  `approvissionnements_id` int(10) unsigned NOT NULL,
  `users_id` int(10) unsigned NOT NULL,
  `deleted_at` timestamp NULL DEFAULT NULL,
  `created_at` timestamp NULL DEFAULT NULL,
  `updated_at` timestamp NULL DEFAULT NULL,
  PRIMARY KEY (`id`),
  KEY `approvissionnement_produits_fournisseurs_id_foreign` (`fournisseurs_id`),
  KEY `approvissionnement_produits_produits_id_foreign` (`produits_id`),
  KEY `approvissionnement_produits_approvissionnements_id_foreign` (`approvissionnements_id`),
  KEY `approvissionnement_produits_users_id_foreign` (`users_id`),
  CONSTRAINT `approvissionnement_produits_approvissionnements_id_foreign` FOREIGN KEY (`approvissionnements_id`) REFERENCES `approvissionnements` (`id`),
  CONSTRAINT `approvissionnement_produits_fournisseurs_id_foreign` FOREIGN KEY (`fournisseurs_id`) REFERENCES `fournisseurs` (`id`),
  CONSTRAINT `approvissionnement_produits_produits_id_foreign` FOREIGN KEY (`produits_id`) REFERENCES `produits` (`id`),
  CONSTRAINT `approvissionnement_produits_users_id_foreign` FOREIGN KEY (`users_id`) REFERENCES `users` (`id`)
) ENGINE=InnoDB AUTO_INCREMENT=6 DEFAULT CHARSET=utf8mb4 COLLATE=utf8mb4_unicode_ci;
/*!40101 SET character_set_client = @saved_cs_client */;

--
-- Dumping data for table `approvissionnement_produits`
--

LOCK TABLES `approvissionnement_produits` WRITE;
/*!40000 ALTER TABLE `approvissionnement_produits` DISABLE KEYS */;
INSERT INTO `approvissionnement_produits` VALUES (1,NULL,20,20,30,1,1,3,1,NULL,'2019-10-21 15:35:47','2019-10-21 15:35:47'),(2,NULL,20,20,30,1,2,3,1,NULL,'2019-10-21 15:35:47','2019-10-21 15:35:47'),(3,NULL,20,20,30,1,3,3,1,NULL,'2019-10-21 15:35:48','2019-10-21 15:35:48'),(4,NULL,20,20,30,2,4,3,1,NULL,'2019-10-21 15:35:48','2019-10-21 15:35:48'),(5,NULL,20,20,30,2,6,3,1,NULL,'2019-10-21 15:35:48','2019-10-21 15:35:48');
/*!40000 ALTER TABLE `approvissionnement_produits` ENABLE KEYS */;
UNLOCK TABLES;

--
-- Table structure for table `approvissionnements`
--

DROP TABLE IF EXISTS `approvissionnements`;
/*!40101 SET @saved_cs_client     = @@character_set_client */;
/*!40101 SET character_set_client = utf8 */;
CREATE TABLE `approvissionnements` (
  `id` int(10) unsigned NOT NULL AUTO_INCREMENT,
  `date` varchar(255) COLLATE utf8mb4_unicode_ci NOT NULL,
  `identifiant` varchar(255) COLLATE utf8mb4_unicode_ci NOT NULL,
  `users_id` int(10) unsigned NOT NULL,
  `deleted_at` timestamp NULL DEFAULT NULL,
  `created_at` timestamp NULL DEFAULT NULL,
  `updated_at` timestamp NULL DEFAULT NULL,
  PRIMARY KEY (`id`),
  UNIQUE KEY `approvissionnements_identifiant_unique` (`identifiant`),
  KEY `approvissionnements_users_id_foreign` (`users_id`),
  CONSTRAINT `approvissionnements_users_id_foreign` FOREIGN KEY (`users_id`) REFERENCES `users` (`id`)
) ENGINE=InnoDB AUTO_INCREMENT=4 DEFAULT CHARSET=utf8mb4 COLLATE=utf8mb4_unicode_ci;
/*!40101 SET character_set_client = @saved_cs_client */;

--
-- Dumping data for table `approvissionnements`
--

LOCK TABLES `approvissionnements` WRITE;
/*!40000 ALTER TABLE `approvissionnements` DISABLE KEYS */;
INSERT INTO `approvissionnements` VALUES (3,'2019-10-21 15:35:46','App/21/10/19/1',1,NULL,'2019-10-21 15:35:46','2019-10-21 15:35:46');
/*!40000 ALTER TABLE `approvissionnements` ENABLE KEYS */;
UNLOCK TABLES;

--
-- Table structure for table `audits`
--

DROP TABLE IF EXISTS `audits`;
/*!40101 SET @saved_cs_client     = @@character_set_client */;
/*!40101 SET character_set_client = utf8 */;
CREATE TABLE `audits` (
  `id` int(10) unsigned NOT NULL AUTO_INCREMENT,
  `user_type` varchar(255) COLLATE utf8mb4_unicode_ci DEFAULT NULL,
  `user_id` bigint(20) unsigned DEFAULT NULL,
  `event` varchar(255) COLLATE utf8mb4_unicode_ci NOT NULL,
  `auditable_id` int(10) unsigned NOT NULL,
  `auditable_type` varchar(255) COLLATE utf8mb4_unicode_ci NOT NULL,
  `old_values` text COLLATE utf8mb4_unicode_ci,
  `new_values` text COLLATE utf8mb4_unicode_ci,
  `url` text COLLATE utf8mb4_unicode_ci,
  `ip_address` varchar(45) COLLATE utf8mb4_unicode_ci DEFAULT NULL,
  `user_agent` varchar(255) COLLATE utf8mb4_unicode_ci DEFAULT NULL,
  `tags` varchar(255) COLLATE utf8mb4_unicode_ci DEFAULT NULL,
  `created_at` timestamp NULL DEFAULT NULL,
  `updated_at` timestamp NULL DEFAULT NULL,
  PRIMARY KEY (`id`),
  KEY `audits_auditable_id_auditable_type_index` (`auditable_id`,`auditable_type`),
  KEY `audits_user_id_user_type_index` (`user_id`,`user_type`)
) ENGINE=InnoDB AUTO_INCREMENT=290 DEFAULT CHARSET=utf8mb4 COLLATE=utf8mb4_unicode_ci;
/*!40101 SET character_set_client = @saved_cs_client */;

--
-- Dumping data for table `audits`
--

LOCK TABLES `audits` WRITE;
/*!40000 ALTER TABLE `audits` DISABLE KEYS */;
INSERT INTO `audits` VALUES (218,'App\\User',1,'created',3,'App\\Approvissionnement','[]','{\"date\":{\"date\":\"2019-10-21 15:35:46.874249\",\"timezone_type\":3,\"timezone\":\"UTC\"},\"identifiant\":\"App\\/21\\/10\\/19\\/1\",\"users_id\":1,\"id\":3}','http://localhost:8000/addApprovissionnements?','127.0.0.1','Mozilla/5.0 (X11; Linux x86_64) AppleWebKit/537.36 (KHTML, like Gecko) Chrome/76.0.3809.100 Safari/537.36 OPR/63.0.3368.43',NULL,'2019-10-21 15:35:46','2019-10-21 15:35:46'),(219,'App\\User',1,'created',1,'App\\ApprovissionnementFournisseurProduit','[]','{\"prixUnitaire\":null,\"quantite\":\"20\",\"prixTotal\":20,\"fournisseurs_id\":\"1\",\"produits_id\":\"1\",\"conditionnement\":\"30\",\"approvissionnements_id\":3,\"users_id\":1,\"id\":1}','http://localhost:8000/addApprovissionnements?','127.0.0.1','Mozilla/5.0 (X11; Linux x86_64) AppleWebKit/537.36 (KHTML, like Gecko) Chrome/76.0.3809.100 Safari/537.36 OPR/63.0.3368.43',NULL,'2019-10-21 15:35:47','2019-10-21 15:35:47'),(220,'App\\User',1,'created',1,'App\\Stock','[]','{\"quantiteAnterieur\":0,\"quantiteActuel\":600,\"variationQuantite\":600,\"dateApprovissionnement\":{\"date\":\"2019-10-21 15:35:47.298301\",\"timezone_type\":3,\"timezone\":\"UTC\"},\"produits_id\":\"1\",\"approvissionnements_id\":3,\"users_id\":1,\"id\":1}','http://localhost:8000/addApprovissionnements?','127.0.0.1','Mozilla/5.0 (X11; Linux x86_64) AppleWebKit/537.36 (KHTML, like Gecko) Chrome/76.0.3809.100 Safari/537.36 OPR/63.0.3368.43',NULL,'2019-10-21 15:35:47','2019-10-21 15:35:47'),(221,'App\\User',1,'created',2,'App\\ApprovissionnementFournisseurProduit','[]','{\"prixUnitaire\":null,\"quantite\":\"20\",\"prixTotal\":20,\"fournisseurs_id\":\"1\",\"produits_id\":\"2\",\"conditionnement\":\"30\",\"approvissionnements_id\":3,\"users_id\":1,\"id\":2}','http://localhost:8000/addApprovissionnements?','127.0.0.1','Mozilla/5.0 (X11; Linux x86_64) AppleWebKit/537.36 (KHTML, like Gecko) Chrome/76.0.3809.100 Safari/537.36 OPR/63.0.3368.43',NULL,'2019-10-21 15:35:47','2019-10-21 15:35:47'),(222,'App\\User',1,'created',2,'App\\Stock','[]','{\"quantiteAnterieur\":0,\"quantiteActuel\":600,\"variationQuantite\":600,\"dateApprovissionnement\":{\"date\":\"2019-10-21 15:35:47.745899\",\"timezone_type\":3,\"timezone\":\"UTC\"},\"produits_id\":\"2\",\"approvissionnements_id\":3,\"users_id\":1,\"id\":2}','http://localhost:8000/addApprovissionnements?','127.0.0.1','Mozilla/5.0 (X11; Linux x86_64) AppleWebKit/537.36 (KHTML, like Gecko) Chrome/76.0.3809.100 Safari/537.36 OPR/63.0.3368.43',NULL,'2019-10-21 15:35:47','2019-10-21 15:35:47'),(223,'App\\User',1,'created',3,'App\\ApprovissionnementFournisseurProduit','[]','{\"prixUnitaire\":null,\"quantite\":\"20\",\"prixTotal\":20,\"fournisseurs_id\":\"1\",\"produits_id\":\"3\",\"conditionnement\":\"30\",\"approvissionnements_id\":3,\"users_id\":1,\"id\":3}','http://localhost:8000/addApprovissionnements?','127.0.0.1','Mozilla/5.0 (X11; Linux x86_64) AppleWebKit/537.36 (KHTML, like Gecko) Chrome/76.0.3809.100 Safari/537.36 OPR/63.0.3368.43',NULL,'2019-10-21 15:35:48','2019-10-21 15:35:48'),(224,'App\\User',1,'created',3,'App\\Stock','[]','{\"quantiteAnterieur\":0,\"quantiteActuel\":600,\"variationQuantite\":600,\"dateApprovissionnement\":{\"date\":\"2019-10-21 15:35:48.202562\",\"timezone_type\":3,\"timezone\":\"UTC\"},\"produits_id\":\"3\",\"approvissionnements_id\":3,\"users_id\":1,\"id\":3}','http://localhost:8000/addApprovissionnements?','127.0.0.1','Mozilla/5.0 (X11; Linux x86_64) AppleWebKit/537.36 (KHTML, like Gecko) Chrome/76.0.3809.100 Safari/537.36 OPR/63.0.3368.43',NULL,'2019-10-21 15:35:48','2019-10-21 15:35:48'),(225,'App\\User',1,'created',4,'App\\ApprovissionnementFournisseurProduit','[]','{\"prixUnitaire\":null,\"quantite\":\"20\",\"prixTotal\":20,\"fournisseurs_id\":\"2\",\"produits_id\":\"4\",\"conditionnement\":\"30\",\"approvissionnements_id\":3,\"users_id\":1,\"id\":4}','http://localhost:8000/addApprovissionnements?','127.0.0.1','Mozilla/5.0 (X11; Linux x86_64) AppleWebKit/537.36 (KHTML, like Gecko) Chrome/76.0.3809.100 Safari/537.36 OPR/63.0.3368.43',NULL,'2019-10-21 15:35:48','2019-10-21 15:35:48'),(226,'App\\User',1,'created',4,'App\\Stock','[]','{\"quantiteAnterieur\":0,\"quantiteActuel\":600,\"variationQuantite\":600,\"dateApprovissionnement\":{\"date\":\"2019-10-21 15:35:48.470693\",\"timezone_type\":3,\"timezone\":\"UTC\"},\"produits_id\":\"4\",\"approvissionnements_id\":3,\"users_id\":1,\"id\":4}','http://localhost:8000/addApprovissionnements?','127.0.0.1','Mozilla/5.0 (X11; Linux x86_64) AppleWebKit/537.36 (KHTML, like Gecko) Chrome/76.0.3809.100 Safari/537.36 OPR/63.0.3368.43',NULL,'2019-10-21 15:35:48','2019-10-21 15:35:48'),(227,'App\\User',1,'created',5,'App\\ApprovissionnementFournisseurProduit','[]','{\"prixUnitaire\":null,\"quantite\":\"20\",\"prixTotal\":20,\"fournisseurs_id\":\"2\",\"produits_id\":\"6\",\"conditionnement\":\"30\",\"approvissionnements_id\":3,\"users_id\":1,\"id\":5}','http://localhost:8000/addApprovissionnements?','127.0.0.1','Mozilla/5.0 (X11; Linux x86_64) AppleWebKit/537.36 (KHTML, like Gecko) Chrome/76.0.3809.100 Safari/537.36 OPR/63.0.3368.43',NULL,'2019-10-21 15:35:48','2019-10-21 15:35:48'),(228,'App\\User',1,'created',5,'App\\Stock','[]','{\"quantiteAnterieur\":0,\"quantiteActuel\":600,\"variationQuantite\":600,\"dateApprovissionnement\":{\"date\":\"2019-10-21 15:35:48.738097\",\"timezone_type\":3,\"timezone\":\"UTC\"},\"produits_id\":\"6\",\"approvissionnements_id\":3,\"users_id\":1,\"id\":5}','http://localhost:8000/addApprovissionnements?','127.0.0.1','Mozilla/5.0 (X11; Linux x86_64) AppleWebKit/537.36 (KHTML, like Gecko) Chrome/76.0.3809.100 Safari/537.36 OPR/63.0.3368.43',NULL,'2019-10-21 15:35:48','2019-10-21 15:35:48'),(229,'App\\User',1,'created',8,'App\\Client','[]','{\"nomClients\":\"polkhgf\",\"clientTypes_id\":2,\"frequenceClients\":1,\"achatTotalClients\":\"52000\",\"users_id\":1,\"id\":8}','http://localhost:8000/addVentes?','127.0.0.1','Mozilla/5.0 (X11; Linux x86_64) AppleWebKit/537.36 (KHTML, like Gecko) Chrome/76.0.3809.100 Safari/537.36 OPR/63.0.3368.43',NULL,'2019-10-21 15:42:49','2019-10-21 15:42:49'),(230,'App\\User',1,'created',8,'App\\Vente','[]','{\"identifiantVentes\":\"Vte\\/21\\/10\\/19\\/1\",\"dateVentes\":{\"date\":\"2019-10-21 15:42:49.917736\",\"timezone_type\":3,\"timezone\":\"UTC\"},\"nomClients\":\"polkhgf\",\"clients_id\":8,\"client_types_id\":2,\"remises_id\":null,\"sommePayer\":\"52000\",\"sommeAPayer\":\"52000\",\"sommeRestante\":\"0\",\"infoVersement\":null,\"versement\":\"1\",\"montantVente\":\"52000\",\"users_id\":1,\"id\":8}','http://localhost:8000/addVentes?','127.0.0.1','Mozilla/5.0 (X11; Linux x86_64) AppleWebKit/537.36 (KHTML, like Gecko) Chrome/76.0.3809.100 Safari/537.36 OPR/63.0.3368.43',NULL,'2019-10-21 15:42:50','2019-10-21 15:42:50'),(231,'App\\User',1,'created',1,'App\\Caisse','[]','{\"typeVersment\":\"1\",\"sommeAnterieurCaisse\":0,\"sommeActuelCaisse\":\"52000\",\"variatioCaisse\":\"52000\",\"dateOperation\":{\"date\":\"2019-10-21 15:42:50.146588\",\"timezone_type\":3,\"timezone\":\"UTC\"},\"ventes_id\":8,\"users_id\":1,\"id\":1}','http://localhost:8000/addVentes?','127.0.0.1','Mozilla/5.0 (X11; Linux x86_64) AppleWebKit/537.36 (KHTML, like Gecko) Chrome/76.0.3809.100 Safari/537.36 OPR/63.0.3368.43',NULL,'2019-10-21 15:42:50','2019-10-21 15:42:50'),(232,'App\\User',1,'created',10,'App\\ClientCompte','[]','{\"sommeAnterieur\":0,\"sommeActuel\":\"0\",\"variation\":\"0\",\"typeVersement\":\"1\",\"date\":{\"date\":\"2019-10-21 15:42:50.286165\",\"timezone_type\":3,\"timezone\":\"UTC\"},\"ventes_id\":8,\"clients_id\":8,\"users_id\":1,\"id\":10}','http://localhost:8000/addVentes?','127.0.0.1','Mozilla/5.0 (X11; Linux x86_64) AppleWebKit/537.36 (KHTML, like Gecko) Chrome/76.0.3809.100 Safari/537.36 OPR/63.0.3368.43',NULL,'2019-10-21 15:42:50','2019-10-21 15:42:50'),(233,'App\\User',1,'created',13,'App\\ProduitVente','[]','{\"prixUnitaireProduitVentes\":\"8500\",\"quantiteProduitVentes\":\"1\",\"prixTotalProduitVentes\":8500,\"conditionnement\":\"30\",\"produits_id\":\"4\",\"ventes_id\":8,\"users_id\":1,\"id\":13}','http://localhost:8000/addVentes?','127.0.0.1','Mozilla/5.0 (X11; Linux x86_64) AppleWebKit/537.36 (KHTML, like Gecko) Chrome/76.0.3809.100 Safari/537.36 OPR/63.0.3368.43',NULL,'2019-10-21 15:42:50','2019-10-21 15:42:50'),(234,'App\\User',1,'created',6,'App\\Stock','[]','{\"quantiteAnterieur\":600,\"quantiteActuel\":570,\"variationquantite\":30,\"dateApprovissionnement\":{\"date\":\"2019-10-21 15:42:50.445139\",\"timezone_type\":3,\"timezone\":\"UTC\"},\"produits_id\":\"4\",\"ventes_id\":8,\"users_id\":1,\"id\":6}','http://localhost:8000/addVentes?','127.0.0.1','Mozilla/5.0 (X11; Linux x86_64) AppleWebKit/537.36 (KHTML, like Gecko) Chrome/76.0.3809.100 Safari/537.36 OPR/63.0.3368.43',NULL,'2019-10-21 15:42:50','2019-10-21 15:42:50'),(235,'App\\User',1,'created',14,'App\\ProduitVente','[]','{\"prixUnitaireProduitVentes\":\"7500\",\"quantiteProduitVentes\":\"2\",\"prixTotalProduitVentes\":15000,\"conditionnement\":\"24\",\"produits_id\":\"1\",\"ventes_id\":8,\"users_id\":1,\"id\":14}','http://localhost:8000/addVentes?','127.0.0.1','Mozilla/5.0 (X11; Linux x86_64) AppleWebKit/537.36 (KHTML, like Gecko) Chrome/76.0.3809.100 Safari/537.36 OPR/63.0.3368.43',NULL,'2019-10-21 15:42:50','2019-10-21 15:42:50'),(236,'App\\User',1,'created',7,'App\\Stock','[]','{\"quantiteAnterieur\":600,\"quantiteActuel\":552,\"variationquantite\":48,\"dateApprovissionnement\":{\"date\":\"2019-10-21 15:42:50.701597\",\"timezone_type\":3,\"timezone\":\"UTC\"},\"produits_id\":\"1\",\"ventes_id\":8,\"users_id\":1,\"id\":7}','http://localhost:8000/addVentes?','127.0.0.1','Mozilla/5.0 (X11; Linux x86_64) AppleWebKit/537.36 (KHTML, like Gecko) Chrome/76.0.3809.100 Safari/537.36 OPR/63.0.3368.43',NULL,'2019-10-21 15:42:50','2019-10-21 15:42:50'),(237,'App\\User',1,'created',15,'App\\ProduitVente','[]','{\"prixUnitaireProduitVentes\":\"3500\",\"quantiteProduitVentes\":\"3\",\"prixTotalProduitVentes\":10500,\"conditionnement\":\"12\",\"produits_id\":\"2\",\"ventes_id\":8,\"users_id\":1,\"id\":15}','http://localhost:8000/addVentes?','127.0.0.1','Mozilla/5.0 (X11; Linux x86_64) AppleWebKit/537.36 (KHTML, like Gecko) Chrome/76.0.3809.100 Safari/537.36 OPR/63.0.3368.43',NULL,'2019-10-21 15:42:50','2019-10-21 15:42:50'),(238,'App\\User',1,'created',8,'App\\Stock','[]','{\"quantiteAnterieur\":600,\"quantiteActuel\":564,\"variationquantite\":36,\"dateApprovissionnement\":{\"date\":\"2019-10-21 15:42:51.070412\",\"timezone_type\":3,\"timezone\":\"UTC\"},\"produits_id\":\"2\",\"ventes_id\":8,\"users_id\":1,\"id\":8}','http://localhost:8000/addVentes?','127.0.0.1','Mozilla/5.0 (X11; Linux x86_64) AppleWebKit/537.36 (KHTML, like Gecko) Chrome/76.0.3809.100 Safari/537.36 OPR/63.0.3368.43',NULL,'2019-10-21 15:42:51','2019-10-21 15:42:51'),(239,'App\\User',1,'created',16,'App\\ProduitVente','[]','{\"prixUnitaireProduitVentes\":\"3000\",\"quantiteProduitVentes\":\"4\",\"prixTotalProduitVentes\":12000,\"conditionnement\":\"6\",\"produits_id\":\"3\",\"ventes_id\":8,\"users_id\":1,\"id\":16}','http://localhost:8000/addVentes?','127.0.0.1','Mozilla/5.0 (X11; Linux x86_64) AppleWebKit/537.36 (KHTML, like Gecko) Chrome/76.0.3809.100 Safari/537.36 OPR/63.0.3368.43',NULL,'2019-10-21 15:42:51','2019-10-21 15:42:51'),(240,'App\\User',1,'created',9,'App\\Stock','[]','{\"quantiteAnterieur\":600,\"quantiteActuel\":576,\"variationquantite\":24,\"dateApprovissionnement\":{\"date\":\"2019-10-21 15:42:51.504534\",\"timezone_type\":3,\"timezone\":\"UTC\"},\"produits_id\":\"3\",\"ventes_id\":8,\"users_id\":1,\"id\":9}','http://localhost:8000/addVentes?','127.0.0.1','Mozilla/5.0 (X11; Linux x86_64) AppleWebKit/537.36 (KHTML, like Gecko) Chrome/76.0.3809.100 Safari/537.36 OPR/63.0.3368.43',NULL,'2019-10-21 15:42:51','2019-10-21 15:42:51'),(241,'App\\User',1,'created',17,'App\\ProduitVente','[]','{\"prixUnitaireProduitVentes\":\"1200\",\"quantiteProduitVentes\":\"5\",\"prixTotalProduitVentes\":6000,\"conditionnement\":\"1\",\"produits_id\":\"6\",\"ventes_id\":8,\"users_id\":1,\"id\":17}','http://localhost:8000/addVentes?','127.0.0.1','Mozilla/5.0 (X11; Linux x86_64) AppleWebKit/537.36 (KHTML, like Gecko) Chrome/76.0.3809.100 Safari/537.36 OPR/63.0.3368.43',NULL,'2019-10-21 15:42:51','2019-10-21 15:42:51'),(242,'App\\User',1,'created',10,'App\\Stock','[]','{\"quantiteAnterieur\":600,\"quantiteActuel\":595,\"variationquantite\":5,\"dateApprovissionnement\":{\"date\":\"2019-10-21 15:42:51.771202\",\"timezone_type\":3,\"timezone\":\"UTC\"},\"produits_id\":\"6\",\"ventes_id\":8,\"users_id\":1,\"id\":10}','http://localhost:8000/addVentes?','127.0.0.1','Mozilla/5.0 (X11; Linux x86_64) AppleWebKit/537.36 (KHTML, like Gecko) Chrome/76.0.3809.100 Safari/537.36 OPR/63.0.3368.43',NULL,'2019-10-21 15:42:51','2019-10-21 15:42:51'),(243,'App\\User',1,'created',9,'App\\Vente','[]','{\"identifiantVentes\":\"Vte\\/21\\/10\\/19\\/9\",\"dateVentes\":{\"date\":\"2019-10-21 15:47:19.436123\",\"timezone_type\":3,\"timezone\":\"UTC\"},\"nomClients\":\"polkhgf (  )\",\"clients_id\":8,\"client_types_id\":\"2\",\"remises_id\":null,\"sommePayer\":\"50000\",\"sommeAPayer\":\"50000\",\"sommeRestante\":\"0\",\"infoVersement\":null,\"versement\":\"1\",\"montantVente\":\"50000\",\"users_id\":1,\"id\":9}','http://localhost:8000/addVentes?','127.0.0.1','Mozilla/5.0 (X11; Linux x86_64) AppleWebKit/537.36 (KHTML, like Gecko) Chrome/76.0.3809.100 Safari/537.36 OPR/63.0.3368.43',NULL,'2019-10-21 15:47:19','2019-10-21 15:47:19'),(244,'App\\User',1,'created',2,'App\\Caisse','[]','{\"typeVersment\":\"1\",\"sommeAnterieurCaisse\":52000,\"sommeActuelCaisse\":102000,\"variatioCaisse\":\"50000\",\"dateOperation\":{\"date\":\"2019-10-21 15:47:19.618559\",\"timezone_type\":3,\"timezone\":\"UTC\"},\"ventes_id\":9,\"users_id\":1,\"id\":2}','http://localhost:8000/addVentes?','127.0.0.1','Mozilla/5.0 (X11; Linux x86_64) AppleWebKit/537.36 (KHTML, like Gecko) Chrome/76.0.3809.100 Safari/537.36 OPR/63.0.3368.43',NULL,'2019-10-21 15:47:19','2019-10-21 15:47:19'),(245,'App\\User',1,'created',11,'App\\ClientCompte','[]','{\"sommeAnterieur\":0,\"sommeActuel\":0,\"variation\":\"0\",\"typeVersement\":\"1\",\"date\":{\"date\":\"2019-10-21 15:47:19.827364\",\"timezone_type\":3,\"timezone\":\"UTC\"},\"ventes_id\":9,\"clients_id\":8,\"users_id\":1,\"id\":11}','http://localhost:8000/addVentes?','127.0.0.1','Mozilla/5.0 (X11; Linux x86_64) AppleWebKit/537.36 (KHTML, like Gecko) Chrome/76.0.3809.100 Safari/537.36 OPR/63.0.3368.43',NULL,'2019-10-21 15:47:19','2019-10-21 15:47:19'),(246,'App\\User',1,'created',18,'App\\ProduitVente','[]','{\"prixUnitaireProduitVentes\":\"1000\",\"quantiteProduitVentes\":\"6\",\"prixTotalProduitVentes\":6000,\"conditionnement\":\"1\",\"produits_id\":\"4\",\"ventes_id\":9,\"users_id\":1,\"id\":18}','http://localhost:8000/addVentes?','127.0.0.1','Mozilla/5.0 (X11; Linux x86_64) AppleWebKit/537.36 (KHTML, like Gecko) Chrome/76.0.3809.100 Safari/537.36 OPR/63.0.3368.43',NULL,'2019-10-21 15:47:20','2019-10-21 15:47:20'),(247,'App\\User',1,'created',11,'App\\Stock','[]','{\"quantiteAnterieur\":570,\"quantiteActuel\":564,\"variationquantite\":6,\"dateApprovissionnement\":{\"date\":\"2019-10-21 15:47:20.153536\",\"timezone_type\":3,\"timezone\":\"UTC\"},\"produits_id\":\"4\",\"ventes_id\":9,\"users_id\":1,\"id\":11}','http://localhost:8000/addVentes?','127.0.0.1','Mozilla/5.0 (X11; Linux x86_64) AppleWebKit/537.36 (KHTML, like Gecko) Chrome/76.0.3809.100 Safari/537.36 OPR/63.0.3368.43',NULL,'2019-10-21 15:47:20','2019-10-21 15:47:20'),(248,'App\\User',1,'created',19,'App\\ProduitVente','[]','{\"prixUnitaireProduitVentes\":\"2000\",\"quantiteProduitVentes\":\"5\",\"prixTotalProduitVentes\":10000,\"conditionnement\":\"6\",\"produits_id\":\"1\",\"ventes_id\":9,\"users_id\":1,\"id\":19}','http://localhost:8000/addVentes?','127.0.0.1','Mozilla/5.0 (X11; Linux x86_64) AppleWebKit/537.36 (KHTML, like Gecko) Chrome/76.0.3809.100 Safari/537.36 OPR/63.0.3368.43',NULL,'2019-10-21 15:47:20','2019-10-21 15:47:20'),(249,'App\\User',1,'created',12,'App\\Stock','[]','{\"quantiteAnterieur\":552,\"quantiteActuel\":522,\"variationquantite\":30,\"dateApprovissionnement\":{\"date\":\"2019-10-21 15:47:20.734387\",\"timezone_type\":3,\"timezone\":\"UTC\"},\"produits_id\":\"1\",\"ventes_id\":9,\"users_id\":1,\"id\":12}','http://localhost:8000/addVentes?','127.0.0.1','Mozilla/5.0 (X11; Linux x86_64) AppleWebKit/537.36 (KHTML, like Gecko) Chrome/76.0.3809.100 Safari/537.36 OPR/63.0.3368.43',NULL,'2019-10-21 15:47:20','2019-10-21 15:47:20'),(250,'App\\User',1,'created',20,'App\\ProduitVente','[]','{\"prixUnitaireProduitVentes\":\"3000\",\"quantiteProduitVentes\":\"4\",\"prixTotalProduitVentes\":12000,\"conditionnement\":\"12\",\"produits_id\":\"2\",\"ventes_id\":9,\"users_id\":1,\"id\":20}','http://localhost:8000/addVentes?','127.0.0.1','Mozilla/5.0 (X11; Linux x86_64) AppleWebKit/537.36 (KHTML, like Gecko) Chrome/76.0.3809.100 Safari/537.36 OPR/63.0.3368.43',NULL,'2019-10-21 15:47:21','2019-10-21 15:47:21'),(251,'App\\User',1,'created',13,'App\\Stock','[]','{\"quantiteAnterieur\":564,\"quantiteActuel\":516,\"variationquantite\":48,\"dateApprovissionnement\":{\"date\":\"2019-10-21 15:47:21.169038\",\"timezone_type\":3,\"timezone\":\"UTC\"},\"produits_id\":\"2\",\"ventes_id\":9,\"users_id\":1,\"id\":13}','http://localhost:8000/addVentes?','127.0.0.1','Mozilla/5.0 (X11; Linux x86_64) AppleWebKit/537.36 (KHTML, like Gecko) Chrome/76.0.3809.100 Safari/537.36 OPR/63.0.3368.43',NULL,'2019-10-21 15:47:21','2019-10-21 15:47:21'),(252,'App\\User',1,'created',21,'App\\ProduitVente','[]','{\"prixUnitaireProduitVentes\":\"4000\",\"quantiteProduitVentes\":\"3\",\"prixTotalProduitVentes\":12000,\"conditionnement\":\"24\",\"produits_id\":\"3\",\"ventes_id\":9,\"users_id\":1,\"id\":21}','http://localhost:8000/addVentes?','127.0.0.1','Mozilla/5.0 (X11; Linux x86_64) AppleWebKit/537.36 (KHTML, like Gecko) Chrome/76.0.3809.100 Safari/537.36 OPR/63.0.3368.43',NULL,'2019-10-21 15:47:21','2019-10-21 15:47:21'),(253,'App\\User',1,'created',14,'App\\Stock','[]','{\"quantiteAnterieur\":576,\"quantiteActuel\":504,\"variationquantite\":72,\"dateApprovissionnement\":{\"date\":\"2019-10-21 15:47:21.415417\",\"timezone_type\":3,\"timezone\":\"UTC\"},\"produits_id\":\"3\",\"ventes_id\":9,\"users_id\":1,\"id\":14}','http://localhost:8000/addVentes?','127.0.0.1','Mozilla/5.0 (X11; Linux x86_64) AppleWebKit/537.36 (KHTML, like Gecko) Chrome/76.0.3809.100 Safari/537.36 OPR/63.0.3368.43',NULL,'2019-10-21 15:47:21','2019-10-21 15:47:21'),(254,'App\\User',1,'created',22,'App\\ProduitVente','[]','{\"prixUnitaireProduitVentes\":\"5000\",\"quantiteProduitVentes\":\"2\",\"prixTotalProduitVentes\":10000,\"conditionnement\":\"30\",\"produits_id\":\"6\",\"ventes_id\":9,\"users_id\":1,\"id\":22}','http://localhost:8000/addVentes?','127.0.0.1','Mozilla/5.0 (X11; Linux x86_64) AppleWebKit/537.36 (KHTML, like Gecko) Chrome/76.0.3809.100 Safari/537.36 OPR/63.0.3368.43',NULL,'2019-10-21 15:47:21','2019-10-21 15:47:21'),(255,'App\\User',1,'created',15,'App\\Stock','[]','{\"quantiteAnterieur\":595,\"quantiteActuel\":535,\"variationquantite\":60,\"dateApprovissionnement\":{\"date\":\"2019-10-21 15:47:21.669346\",\"timezone_type\":3,\"timezone\":\"UTC\"},\"produits_id\":\"6\",\"ventes_id\":9,\"users_id\":1,\"id\":15}','http://localhost:8000/addVentes?','127.0.0.1','Mozilla/5.0 (X11; Linux x86_64) AppleWebKit/537.36 (KHTML, like Gecko) Chrome/76.0.3809.100 Safari/537.36 OPR/63.0.3368.43',NULL,'2019-10-21 15:47:21','2019-10-21 15:47:21'),(256,'App\\User',1,'created',10,'App\\Vente','[]','{\"identifiantVentes\":\"Vte\\/21\\/10\\/19\\/10\",\"dateVentes\":{\"date\":\"2019-10-21 15:50:18.719412\",\"timezone_type\":3,\"timezone\":\"UTC\"},\"nomClients\":\"polkhgf (  )\",\"clients_id\":8,\"client_types_id\":\"2\",\"remises_id\":null,\"sommePayer\":\"10500\",\"sommeAPayer\":\"10500\",\"sommeRestante\":\"0\",\"infoVersement\":null,\"versement\":\"1\",\"montantVente\":\"10500\",\"users_id\":1,\"id\":10}','http://localhost:8000/addVentes?','127.0.0.1','Mozilla/5.0 (X11; Linux x86_64) AppleWebKit/537.36 (KHTML, like Gecko) Chrome/76.0.3809.100 Safari/537.36 OPR/63.0.3368.43',NULL,'2019-10-21 15:50:18','2019-10-21 15:50:18'),(257,'App\\User',1,'created',3,'App\\Caisse','[]','{\"typeVersment\":\"1\",\"sommeAnterieurCaisse\":102000,\"sommeActuelCaisse\":112500,\"variatioCaisse\":\"10500\",\"dateOperation\":{\"date\":\"2019-10-21 15:50:18.836715\",\"timezone_type\":3,\"timezone\":\"UTC\"},\"ventes_id\":10,\"users_id\":1,\"id\":3}','http://localhost:8000/addVentes?','127.0.0.1','Mozilla/5.0 (X11; Linux x86_64) AppleWebKit/537.36 (KHTML, like Gecko) Chrome/76.0.3809.100 Safari/537.36 OPR/63.0.3368.43',NULL,'2019-10-21 15:50:18','2019-10-21 15:50:18'),(258,'App\\User',1,'created',12,'App\\ClientCompte','[]','{\"sommeAnterieur\":0,\"sommeActuel\":0,\"variation\":\"0\",\"typeVersement\":\"1\",\"date\":{\"date\":\"2019-10-21 15:50:18.937758\",\"timezone_type\":3,\"timezone\":\"UTC\"},\"ventes_id\":10,\"clients_id\":8,\"users_id\":1,\"id\":12}','http://localhost:8000/addVentes?','127.0.0.1','Mozilla/5.0 (X11; Linux x86_64) AppleWebKit/537.36 (KHTML, like Gecko) Chrome/76.0.3809.100 Safari/537.36 OPR/63.0.3368.43',NULL,'2019-10-21 15:50:19','2019-10-21 15:50:19'),(259,'App\\User',1,'created',23,'App\\ProduitVente','[]','{\"prixUnitaireProduitVentes\":\"3500\",\"quantiteProduitVentes\":\"3\",\"prixTotalProduitVentes\":10500,\"conditionnement\":\"24\",\"produits_id\":\"6\",\"ventes_id\":10,\"users_id\":1,\"id\":23}','http://localhost:8000/addVentes?','127.0.0.1','Mozilla/5.0 (X11; Linux x86_64) AppleWebKit/537.36 (KHTML, like Gecko) Chrome/76.0.3809.100 Safari/537.36 OPR/63.0.3368.43',NULL,'2019-10-21 15:50:19','2019-10-21 15:50:19'),(260,'App\\User',1,'created',16,'App\\Stock','[]','{\"quantiteAnterieur\":535,\"quantiteActuel\":463,\"variationquantite\":72,\"dateApprovissionnement\":{\"date\":\"2019-10-21 15:50:19.225281\",\"timezone_type\":3,\"timezone\":\"UTC\"},\"produits_id\":\"6\",\"ventes_id\":10,\"users_id\":1,\"id\":16}','http://localhost:8000/addVentes?','127.0.0.1','Mozilla/5.0 (X11; Linux x86_64) AppleWebKit/537.36 (KHTML, like Gecko) Chrome/76.0.3809.100 Safari/537.36 OPR/63.0.3368.43',NULL,'2019-10-21 15:50:19','2019-10-21 15:50:19'),(261,'App\\User',1,'created',11,'App\\Vente','[]','{\"identifiantVentes\":\"Vte\\/21\\/10\\/19\\/11\",\"dateVentes\":{\"date\":\"2019-10-21 15:50:59.575004\",\"timezone_type\":3,\"timezone\":\"UTC\"},\"nomClients\":\"polkhgf (  )\",\"clients_id\":8,\"client_types_id\":\"2\",\"remises_id\":null,\"sommePayer\":\"15000\",\"sommeAPayer\":\"15000\",\"sommeRestante\":\"0\",\"infoVersement\":null,\"versement\":\"1\",\"montantVente\":\"15000\",\"users_id\":1,\"id\":11}','http://localhost:8000/addVentes?','127.0.0.1','Mozilla/5.0 (X11; Linux x86_64) AppleWebKit/537.36 (KHTML, like Gecko) Chrome/76.0.3809.100 Safari/537.36 OPR/63.0.3368.43',NULL,'2019-10-21 15:50:59','2019-10-21 15:50:59'),(262,'App\\User',1,'created',4,'App\\Caisse','[]','{\"typeVersment\":\"1\",\"sommeAnterieurCaisse\":112500,\"sommeActuelCaisse\":127500,\"variatioCaisse\":\"15000\",\"dateOperation\":{\"date\":\"2019-10-21 15:50:59.701343\",\"timezone_type\":3,\"timezone\":\"UTC\"},\"ventes_id\":11,\"users_id\":1,\"id\":4}','http://localhost:8000/addVentes?','127.0.0.1','Mozilla/5.0 (X11; Linux x86_64) AppleWebKit/537.36 (KHTML, like Gecko) Chrome/76.0.3809.100 Safari/537.36 OPR/63.0.3368.43',NULL,'2019-10-21 15:50:59','2019-10-21 15:50:59'),(263,'App\\User',1,'created',13,'App\\ClientCompte','[]','{\"sommeAnterieur\":0,\"sommeActuel\":0,\"variation\":\"0\",\"typeVersement\":\"1\",\"date\":{\"date\":\"2019-10-21 15:50:59.859911\",\"timezone_type\":3,\"timezone\":\"UTC\"},\"ventes_id\":11,\"clients_id\":8,\"users_id\":1,\"id\":13}','http://localhost:8000/addVentes?','127.0.0.1','Mozilla/5.0 (X11; Linux x86_64) AppleWebKit/537.36 (KHTML, like Gecko) Chrome/76.0.3809.100 Safari/537.36 OPR/63.0.3368.43',NULL,'2019-10-21 15:51:00','2019-10-21 15:51:00'),(264,'App\\User',1,'created',24,'App\\ProduitVente','[]','{\"prixUnitaireProduitVentes\":\"5000\",\"quantiteProduitVentes\":\"3\",\"prixTotalProduitVentes\":15000,\"conditionnement\":\"30\",\"produits_id\":\"4\",\"ventes_id\":11,\"users_id\":1,\"id\":24}','http://localhost:8000/addVentes?','127.0.0.1','Mozilla/5.0 (X11; Linux x86_64) AppleWebKit/537.36 (KHTML, like Gecko) Chrome/76.0.3809.100 Safari/537.36 OPR/63.0.3368.43',NULL,'2019-10-21 15:51:00','2019-10-21 15:51:00'),(265,'App\\User',1,'created',17,'App\\Stock','[]','{\"quantiteAnterieur\":564,\"quantiteActuel\":474,\"variationquantite\":90,\"dateApprovissionnement\":{\"date\":\"2019-10-21 15:51:00.394265\",\"timezone_type\":3,\"timezone\":\"UTC\"},\"produits_id\":\"4\",\"ventes_id\":11,\"users_id\":1,\"id\":17}','http://localhost:8000/addVentes?','127.0.0.1','Mozilla/5.0 (X11; Linux x86_64) AppleWebKit/537.36 (KHTML, like Gecko) Chrome/76.0.3809.100 Safari/537.36 OPR/63.0.3368.43',NULL,'2019-10-21 15:51:00','2019-10-21 15:51:00'),(266,'App\\User',1,'created',12,'App\\Vente','[]','{\"identifiantVentes\":\"Vte\\/21\\/10\\/19\\/12\",\"dateVentes\":{\"date\":\"2019-10-21 15:53:25.779987\",\"timezone_type\":3,\"timezone\":\"UTC\"},\"nomClients\":\"polkhgf (  )\",\"clients_id\":8,\"client_types_id\":\"2\",\"remises_id\":null,\"sommePayer\":\"30500\",\"sommeAPayer\":\"30500\",\"sommeRestante\":\"0\",\"infoVersement\":null,\"versement\":\"1\",\"montantVente\":\"30500\",\"users_id\":1,\"id\":12}','http://localhost:8000/addVentes?','127.0.0.1','Mozilla/5.0 (X11; Linux x86_64) AppleWebKit/537.36 (KHTML, like Gecko) Chrome/76.0.3809.100 Safari/537.36 OPR/63.0.3368.43',NULL,'2019-10-21 15:53:25','2019-10-21 15:53:25'),(267,'App\\User',1,'created',5,'App\\Caisse','[]','{\"typeVersment\":\"1\",\"sommeAnterieurCaisse\":127500,\"sommeActuelCaisse\":158000,\"variatioCaisse\":\"30500\",\"dateOperation\":{\"date\":\"2019-10-21 15:53:25.918500\",\"timezone_type\":3,\"timezone\":\"UTC\"},\"ventes_id\":12,\"users_id\":1,\"id\":5}','http://localhost:8000/addVentes?','127.0.0.1','Mozilla/5.0 (X11; Linux x86_64) AppleWebKit/537.36 (KHTML, like Gecko) Chrome/76.0.3809.100 Safari/537.36 OPR/63.0.3368.43',NULL,'2019-10-21 15:53:25','2019-10-21 15:53:25'),(268,'App\\User',1,'created',14,'App\\ClientCompte','[]','{\"sommeAnterieur\":0,\"sommeActuel\":0,\"variation\":\"0\",\"typeVersement\":\"1\",\"date\":{\"date\":\"2019-10-21 15:53:26.024667\",\"timezone_type\":3,\"timezone\":\"UTC\"},\"ventes_id\":12,\"clients_id\":8,\"users_id\":1,\"id\":14}','http://localhost:8000/addVentes?','127.0.0.1','Mozilla/5.0 (X11; Linux x86_64) AppleWebKit/537.36 (KHTML, like Gecko) Chrome/76.0.3809.100 Safari/537.36 OPR/63.0.3368.43',NULL,'2019-10-21 15:53:26','2019-10-21 15:53:26'),(269,'App\\User',1,'created',25,'App\\ProduitVente','[]','{\"prixUnitaireProduitVentes\":\"8500\",\"quantiteProduitVentes\":\"1\",\"prixTotalProduitVentes\":8500,\"conditionnement\":\"30\",\"produits_id\":\"1\",\"ventes_id\":12,\"users_id\":1,\"id\":25}','http://localhost:8000/addVentes?','127.0.0.1','Mozilla/5.0 (X11; Linux x86_64) AppleWebKit/537.36 (KHTML, like Gecko) Chrome/76.0.3809.100 Safari/537.36 OPR/63.0.3368.43',NULL,'2019-10-21 15:53:26','2019-10-21 15:53:26'),(270,'App\\User',1,'created',18,'App\\Stock','[]','{\"quantiteAnterieur\":522,\"quantiteActuel\":492,\"variationquantite\":30,\"dateApprovissionnement\":{\"date\":\"2019-10-21 15:53:26.329666\",\"timezone_type\":3,\"timezone\":\"UTC\"},\"produits_id\":\"1\",\"ventes_id\":12,\"users_id\":1,\"id\":18}','http://localhost:8000/addVentes?','127.0.0.1','Mozilla/5.0 (X11; Linux x86_64) AppleWebKit/537.36 (KHTML, like Gecko) Chrome/76.0.3809.100 Safari/537.36 OPR/63.0.3368.43',NULL,'2019-10-21 15:53:26','2019-10-21 15:53:26'),(271,'App\\User',1,'created',26,'App\\ProduitVente','[]','{\"prixUnitaireProduitVentes\":\"5000\",\"quantiteProduitVentes\":\"2\",\"prixTotalProduitVentes\":10000,\"conditionnement\":\"24\",\"produits_id\":\"2\",\"ventes_id\":12,\"users_id\":1,\"id\":26}','http://localhost:8000/addVentes?','127.0.0.1','Mozilla/5.0 (X11; Linux x86_64) AppleWebKit/537.36 (KHTML, like Gecko) Chrome/76.0.3809.100 Safari/537.36 OPR/63.0.3368.43',NULL,'2019-10-21 15:53:26','2019-10-21 15:53:26'),(272,'App\\User',1,'created',19,'App\\Stock','[]','{\"quantiteAnterieur\":516,\"quantiteActuel\":468,\"variationquantite\":48,\"dateApprovissionnement\":{\"date\":\"2019-10-21 15:53:26.842761\",\"timezone_type\":3,\"timezone\":\"UTC\"},\"produits_id\":\"2\",\"ventes_id\":12,\"users_id\":1,\"id\":19}','http://localhost:8000/addVentes?','127.0.0.1','Mozilla/5.0 (X11; Linux x86_64) AppleWebKit/537.36 (KHTML, like Gecko) Chrome/76.0.3809.100 Safari/537.36 OPR/63.0.3368.43',NULL,'2019-10-21 15:53:26','2019-10-21 15:53:26'),(273,'App\\User',1,'created',27,'App\\ProduitVente','[]','{\"prixUnitaireProduitVentes\":\"4000\",\"quantiteProduitVentes\":\"3\",\"prixTotalProduitVentes\":12000,\"conditionnement\":\"12\",\"produits_id\":\"3\",\"ventes_id\":12,\"users_id\":1,\"id\":27}','http://localhost:8000/addVentes?','127.0.0.1','Mozilla/5.0 (X11; Linux x86_64) AppleWebKit/537.36 (KHTML, like Gecko) Chrome/76.0.3809.100 Safari/537.36 OPR/63.0.3368.43',NULL,'2019-10-21 15:53:27','2019-10-21 15:53:27'),(274,'App\\User',1,'created',20,'App\\Stock','[]','{\"quantiteAnterieur\":504,\"quantiteActuel\":468,\"variationquantite\":36,\"dateApprovissionnement\":{\"date\":\"2019-10-21 15:53:27.210446\",\"timezone_type\":3,\"timezone\":\"UTC\"},\"produits_id\":\"3\",\"ventes_id\":12,\"users_id\":1,\"id\":20}','http://localhost:8000/addVentes?','127.0.0.1','Mozilla/5.0 (X11; Linux x86_64) AppleWebKit/537.36 (KHTML, like Gecko) Chrome/76.0.3809.100 Safari/537.36 OPR/63.0.3368.43',NULL,'2019-10-21 15:53:27','2019-10-21 15:53:27'),(275,'App\\User',1,'created',9,'App\\Client','[]','{\"nomClients\":\"new jack\",\"clientTypes_id\":2,\"frequenceClients\":1,\"achatTotalClients\":\"27000\",\"users_id\":1,\"id\":9}','http://localhost:8000/addVentes?','127.0.0.1','Mozilla/5.0 (X11; Linux x86_64) AppleWebKit/537.36 (KHTML, like Gecko) Chrome/76.0.3809.100 Safari/537.36 OPR/63.0.3368.43',NULL,'2019-10-21 16:15:05','2019-10-21 16:15:05'),(276,'App\\User',1,'created',13,'App\\Vente','[]','{\"identifiantVentes\":\"Vte\\/21\\/10\\/19\\/13\",\"dateVentes\":{\"date\":\"2019-10-21 16:15:05.544808\",\"timezone_type\":3,\"timezone\":\"UTC\"},\"nomClients\":\"new jack\",\"clients_id\":9,\"client_types_id\":2,\"remises_id\":null,\"sommePayer\":\"27000\",\"sommeAPayer\":\"27000\",\"sommeRestante\":\"0\",\"infoVersement\":null,\"versement\":\"1\",\"montantVente\":\"27000\",\"users_id\":1,\"id\":13}','http://localhost:8000/addVentes?','127.0.0.1','Mozilla/5.0 (X11; Linux x86_64) AppleWebKit/537.36 (KHTML, like Gecko) Chrome/76.0.3809.100 Safari/537.36 OPR/63.0.3368.43',NULL,'2019-10-21 16:15:05','2019-10-21 16:15:05'),(277,'App\\User',1,'created',6,'App\\Caisse','[]','{\"typeVersment\":\"1\",\"sommeAnterieurCaisse\":158000,\"sommeActuelCaisse\":185000,\"variatioCaisse\":\"27000\",\"dateOperation\":{\"date\":\"2019-10-21 16:15:05.768685\",\"timezone_type\":3,\"timezone\":\"UTC\"},\"ventes_id\":13,\"users_id\":1,\"id\":6}','http://localhost:8000/addVentes?','127.0.0.1','Mozilla/5.0 (X11; Linux x86_64) AppleWebKit/537.36 (KHTML, like Gecko) Chrome/76.0.3809.100 Safari/537.36 OPR/63.0.3368.43',NULL,'2019-10-21 16:15:05','2019-10-21 16:15:05'),(278,'App\\User',1,'created',15,'App\\ClientCompte','[]','{\"sommeAnterieur\":0,\"sommeActuel\":\"0\",\"variation\":\"0\",\"typeVersement\":\"1\",\"date\":{\"date\":\"2019-10-21 16:15:05.948329\",\"timezone_type\":3,\"timezone\":\"UTC\"},\"ventes_id\":13,\"clients_id\":9,\"users_id\":1,\"id\":15}','http://localhost:8000/addVentes?','127.0.0.1','Mozilla/5.0 (X11; Linux x86_64) AppleWebKit/537.36 (KHTML, like Gecko) Chrome/76.0.3809.100 Safari/537.36 OPR/63.0.3368.43',NULL,'2019-10-21 16:15:06','2019-10-21 16:15:06'),(279,'App\\User',1,'created',28,'App\\ProduitVente','[]','{\"prixUnitaireProduitVentes\":\"8500\",\"quantiteProduitVentes\":\"2\",\"prixTotalProduitVentes\":17000,\"conditionnement\":\"30\",\"produits_id\":\"4\",\"ventes_id\":13,\"users_id\":1,\"id\":28}','http://localhost:8000/addVentes?','127.0.0.1','Mozilla/5.0 (X11; Linux x86_64) AppleWebKit/537.36 (KHTML, like Gecko) Chrome/76.0.3809.100 Safari/537.36 OPR/63.0.3368.43',NULL,'2019-10-21 16:15:06','2019-10-21 16:15:06'),(280,'App\\User',1,'created',21,'App\\Stock','[]','{\"quantiteAnterieur\":474,\"quantiteActuel\":414,\"variationquantite\":60,\"dateApprovissionnement\":{\"date\":\"2019-10-21 16:15:06.342356\",\"timezone_type\":3,\"timezone\":\"UTC\"},\"produits_id\":\"4\",\"ventes_id\":13,\"users_id\":1,\"id\":21}','http://localhost:8000/addVentes?','127.0.0.1','Mozilla/5.0 (X11; Linux x86_64) AppleWebKit/537.36 (KHTML, like Gecko) Chrome/76.0.3809.100 Safari/537.36 OPR/63.0.3368.43',NULL,'2019-10-21 16:15:06','2019-10-21 16:15:06'),(281,'App\\User',1,'created',22,'App\\Stock','[]','{\"quantiteAnterieur\":414,\"quantiteActuel\":504,\"variationquantite\":90,\"dateApprovissionnement\":{\"date\":\"2019-10-22 09:04:52.390556\",\"timezone_type\":3,\"timezone\":\"UTC\"},\"produits_id\":4,\"ventes_id\":11,\"users_id\":1,\"id\":22}','http://localhost:8000/updateVentes?','127.0.0.1','Mozilla/5.0 (X11; Linux x86_64) AppleWebKit/537.36 (KHTML, like Gecko) Chrome/76.0.3809.100 Safari/537.36 OPR/63.0.3368.43',NULL,'2019-10-22 09:04:52','2019-10-22 09:04:52'),(282,'App\\User',1,'deleted',17,'App\\Stock','{\"id\":17,\"quantiteAnterieur\":564,\"quantiteActuel\":474,\"variationQuantite\":90,\"quantitePhysique\":null,\"dateApprovissionnement\":\"2019-10-21 15:51:00\",\"produits_id\":4,\"users_id\":1,\"approvissionnements_id\":null,\"rebuts_id\":null,\"dons_id\":null,\"ventes_id\":11}','[]','http://localhost:8000/updateVentes?','127.0.0.1','Mozilla/5.0 (X11; Linux x86_64) AppleWebKit/537.36 (KHTML, like Gecko) Chrome/76.0.3809.100 Safari/537.36 OPR/63.0.3368.43',NULL,'2019-10-22 09:04:52','2019-10-22 09:04:52'),(283,'App\\User',1,'updated',11,'App\\Vente','{\"sommePayer\":15000,\"sommeAPayer\":15000,\"montantVente\":15000}','{\"sommePayer\":\"23000\",\"sommeAPayer\":\"23000\",\"montantVente\":\"23000\"}','http://localhost:8000/updateVentes?','127.0.0.1','Mozilla/5.0 (X11; Linux x86_64) AppleWebKit/537.36 (KHTML, like Gecko) Chrome/76.0.3809.100 Safari/537.36 OPR/63.0.3368.43',NULL,'2019-10-22 09:04:53','2019-10-22 09:04:53'),(284,'App\\User',1,'created',7,'App\\Caisse','[]','{\"typeVersment\":\"1\",\"sommeAnterieurCaisse\":185000,\"sommeActuelCaisse\":208000,\"variatioCaisse\":23000,\"dateOperation\":{\"date\":\"2019-10-22 09:04:53.099730\",\"timezone_type\":3,\"timezone\":\"UTC\"},\"ventes_id\":11,\"users_id\":1,\"id\":7}','http://localhost:8000/updateVentes?','127.0.0.1','Mozilla/5.0 (X11; Linux x86_64) AppleWebKit/537.36 (KHTML, like Gecko) Chrome/76.0.3809.100 Safari/537.36 OPR/63.0.3368.43',NULL,'2019-10-22 09:04:53','2019-10-22 09:04:53'),(285,'App\\User',1,'created',16,'App\\ClientCompte','[]','{\"sommeAnterieur\":0,\"sommeActuel\":0,\"variation\":\"0\",\"typeVersement\":\"1\",\"date\":{\"date\":\"2019-10-22 09:04:53.274416\",\"timezone_type\":3,\"timezone\":\"UTC\"},\"ventes_id\":11,\"clients_id\":\"8\",\"users_id\":1,\"id\":16}','http://localhost:8000/updateVentes?','127.0.0.1','Mozilla/5.0 (X11; Linux x86_64) AppleWebKit/537.36 (KHTML, like Gecko) Chrome/76.0.3809.100 Safari/537.36 OPR/63.0.3368.43',NULL,'2019-10-22 09:04:53','2019-10-22 09:04:53'),(286,'App\\User',1,'created',29,'App\\ProduitVente','[]','{\"prixUnitaireProduitVentes\":\"7500\",\"quantiteProduitVentes\":\"2\",\"prixTotalProduitVentes\":15000,\"conditionnement\":\"24\",\"produits_id\":\"1\",\"ventes_id\":11,\"users_id\":1,\"id\":29}','http://localhost:8000/updateVentes?','127.0.0.1','Mozilla/5.0 (X11; Linux x86_64) AppleWebKit/537.36 (KHTML, like Gecko) Chrome/76.0.3809.100 Safari/537.36 OPR/63.0.3368.43',NULL,'2019-10-22 09:04:53','2019-10-22 09:04:53'),(287,'App\\User',1,'created',23,'App\\Stock','[]','{\"quantiteAnterieur\":492,\"quantiteActuel\":444,\"variationquantite\":48,\"dateApprovissionnement\":{\"date\":\"2019-10-22 09:04:53.452609\",\"timezone_type\":3,\"timezone\":\"UTC\"},\"produits_id\":\"1\",\"ventes_id\":11,\"users_id\":1,\"id\":23}','http://localhost:8000/updateVentes?','127.0.0.1','Mozilla/5.0 (X11; Linux x86_64) AppleWebKit/537.36 (KHTML, like Gecko) Chrome/76.0.3809.100 Safari/537.36 OPR/63.0.3368.43',NULL,'2019-10-22 09:04:53','2019-10-22 09:04:53'),(288,'App\\User',1,'created',30,'App\\ProduitVente','[]','{\"prixUnitaireProduitVentes\":\"8000\",\"quantiteProduitVentes\":\"1\",\"prixTotalProduitVentes\":8000,\"conditionnement\":\"12\",\"produits_id\":\"6\",\"ventes_id\":11,\"users_id\":1,\"id\":30}','http://localhost:8000/updateVentes?','127.0.0.1','Mozilla/5.0 (X11; Linux x86_64) AppleWebKit/537.36 (KHTML, like Gecko) Chrome/76.0.3809.100 Safari/537.36 OPR/63.0.3368.43',NULL,'2019-10-22 09:04:53','2019-10-22 09:04:53'),(289,'App\\User',1,'created',24,'App\\Stock','[]','{\"quantiteAnterieur\":463,\"quantiteActuel\":451,\"variationquantite\":12,\"dateApprovissionnement\":{\"date\":\"2019-10-22 09:04:53.762629\",\"timezone_type\":3,\"timezone\":\"UTC\"},\"produits_id\":\"6\",\"ventes_id\":11,\"users_id\":1,\"id\":24}','http://localhost:8000/updateVentes?','127.0.0.1','Mozilla/5.0 (X11; Linux x86_64) AppleWebKit/537.36 (KHTML, like Gecko) Chrome/76.0.3809.100 Safari/537.36 OPR/63.0.3368.43',NULL,'2019-10-22 09:04:53','2019-10-22 09:04:53');
/*!40000 ALTER TABLE `audits` ENABLE KEYS */;
UNLOCK TABLES;

--
-- Table structure for table `caisses`
--

DROP TABLE IF EXISTS `caisses`;
/*!40101 SET @saved_cs_client     = @@character_set_client */;
/*!40101 SET character_set_client = utf8 */;
CREATE TABLE `caisses` (
  `id` int(10) unsigned NOT NULL AUTO_INCREMENT,
  `typeVersment` int(11) NOT NULL,
  `SommeAnterieurCaisse` int(11) NOT NULL,
  `sommeActuelCaisse` int(11) NOT NULL,
  `VariatioCaisse` int(11) NOT NULL,
  `dateOperation` varchar(255) COLLATE utf8mb4_unicode_ci NOT NULL,
  `ventes_id` int(10) unsigned DEFAULT NULL,
  `versements_id` int(10) unsigned DEFAULT NULL,
  `users_id` int(10) unsigned NOT NULL,
  `deleted_at` timestamp NULL DEFAULT NULL,
  `created_at` timestamp NULL DEFAULT NULL,
  `updated_at` timestamp NULL DEFAULT NULL,
  PRIMARY KEY (`id`),
  KEY `caisses_ventes_id_foreign` (`ventes_id`),
  KEY `caisses_versements_id_foreign` (`versements_id`),
  KEY `caisses_users_id_foreign` (`users_id`),
  CONSTRAINT `caisses_users_id_foreign` FOREIGN KEY (`users_id`) REFERENCES `users` (`id`),
  CONSTRAINT `caisses_ventes_id_foreign` FOREIGN KEY (`ventes_id`) REFERENCES `ventes` (`id`),
  CONSTRAINT `caisses_versements_id_foreign` FOREIGN KEY (`versements_id`) REFERENCES `versements` (`id`)
) ENGINE=InnoDB AUTO_INCREMENT=8 DEFAULT CHARSET=utf8mb4 COLLATE=utf8mb4_unicode_ci;
/*!40101 SET character_set_client = @saved_cs_client */;

--
-- Dumping data for table `caisses`
--

LOCK TABLES `caisses` WRITE;
/*!40000 ALTER TABLE `caisses` DISABLE KEYS */;
INSERT INTO `caisses` VALUES (1,1,0,52000,52000,'2019-10-21 15:42:50',8,NULL,1,NULL,'2019-10-21 15:42:50','2019-10-21 15:42:50'),(2,1,52000,102000,50000,'2019-10-21 15:47:19',9,NULL,1,NULL,'2019-10-21 15:47:19','2019-10-21 15:47:19'),(3,1,102000,112500,10500,'2019-10-21 15:50:18',10,NULL,1,NULL,'2019-10-21 15:50:18','2019-10-21 15:50:18'),(4,1,112500,127500,15000,'2019-10-21 15:50:59',11,NULL,1,'2019-10-22 09:04:52','2019-10-21 15:50:59','2019-10-22 09:04:52'),(5,1,127500,158000,30500,'2019-10-21 15:53:25',12,NULL,1,NULL,'2019-10-21 15:53:25','2019-10-21 15:53:25'),(6,1,158000,185000,27000,'2019-10-21 16:15:05',13,NULL,1,NULL,'2019-10-21 16:15:05','2019-10-21 16:15:05'),(7,1,185000,208000,23000,'2019-10-22 09:04:53',11,NULL,1,NULL,'2019-10-22 09:04:53','2019-10-22 09:04:53');
/*!40000 ALTER TABLE `caisses` ENABLE KEYS */;
UNLOCK TABLES;

--
-- Table structure for table `client_comptes`
--

DROP TABLE IF EXISTS `client_comptes`;
/*!40101 SET @saved_cs_client     = @@character_set_client */;
/*!40101 SET character_set_client = utf8 */;
CREATE TABLE `client_comptes` (
  `id` int(10) unsigned NOT NULL AUTO_INCREMENT,
  `sommeActuel` int(11) NOT NULL,
  `sommeAnterieur` int(11) NOT NULL,
  `variation` int(11) NOT NULL,
  `typeVersement` int(11) NOT NULL,
  `date` varchar(255) COLLATE utf8mb4_unicode_ci NOT NULL,
  `ventes_id` int(10) unsigned DEFAULT NULL,
  `clients_id` int(10) unsigned DEFAULT NULL,
  `versements_id` int(10) unsigned DEFAULT NULL,
  `users_id` int(10) unsigned NOT NULL,
  `deleted_at` timestamp NULL DEFAULT NULL,
  `created_at` timestamp NULL DEFAULT NULL,
  `updated_at` timestamp NULL DEFAULT NULL,
  PRIMARY KEY (`id`),
  KEY `client_comptes_ventes_id_foreign` (`ventes_id`),
  KEY `client_comptes_clients_id_foreign` (`clients_id`),
  KEY `client_comptes_versements_id_foreign` (`versements_id`),
  KEY `client_comptes_users_id_foreign` (`users_id`),
  CONSTRAINT `client_comptes_clients_id_foreign` FOREIGN KEY (`clients_id`) REFERENCES `clients` (`id`),
  CONSTRAINT `client_comptes_users_id_foreign` FOREIGN KEY (`users_id`) REFERENCES `users` (`id`),
  CONSTRAINT `client_comptes_ventes_id_foreign` FOREIGN KEY (`ventes_id`) REFERENCES `ventes` (`id`),
  CONSTRAINT `client_comptes_versements_id_foreign` FOREIGN KEY (`versements_id`) REFERENCES `versements` (`id`)
) ENGINE=InnoDB AUTO_INCREMENT=17 DEFAULT CHARSET=utf8mb4 COLLATE=utf8mb4_unicode_ci;
/*!40101 SET character_set_client = @saved_cs_client */;

--
-- Dumping data for table `client_comptes`
--

LOCK TABLES `client_comptes` WRITE;
/*!40000 ALTER TABLE `client_comptes` DISABLE KEYS */;
INSERT INTO `client_comptes` VALUES (10,0,0,0,1,'2019-10-21 15:42:50',8,8,NULL,1,NULL,'2019-10-21 15:42:50','2019-10-21 15:42:50'),(11,0,0,0,1,'2019-10-21 15:47:19',9,8,NULL,1,NULL,'2019-10-21 15:47:19','2019-10-21 15:47:19'),(12,0,0,0,1,'2019-10-21 15:50:18',10,8,NULL,1,NULL,'2019-10-21 15:50:18','2019-10-21 15:50:18'),(13,0,0,0,1,'2019-10-21 15:50:59',11,8,NULL,1,'2019-10-22 09:04:52','2019-10-21 15:50:59','2019-10-22 09:04:52'),(14,0,0,0,1,'2019-10-21 15:53:26',12,8,NULL,1,NULL,'2019-10-21 15:53:26','2019-10-21 15:53:26'),(15,0,0,0,1,'2019-10-21 16:15:05',13,9,NULL,1,NULL,'2019-10-21 16:15:05','2019-10-21 16:15:05'),(16,0,0,0,1,'2019-10-22 09:04:53',11,8,NULL,1,NULL,'2019-10-22 09:04:53','2019-10-22 09:04:53');
/*!40000 ALTER TABLE `client_comptes` ENABLE KEYS */;
UNLOCK TABLES;

--
-- Table structure for table `client_types`
--

DROP TABLE IF EXISTS `client_types`;
/*!40101 SET @saved_cs_client     = @@character_set_client */;
/*!40101 SET character_set_client = utf8 */;
CREATE TABLE `client_types` (
  `id` int(10) unsigned NOT NULL AUTO_INCREMENT,
  `designationClientTypes` varchar(255) COLLATE utf8mb4_unicode_ci NOT NULL,
  `users_id` int(10) unsigned NOT NULL,
  `created_at` timestamp NULL DEFAULT NULL,
  `updated_at` timestamp NULL DEFAULT NULL,
  `deleted_at` timestamp NULL DEFAULT NULL,
  PRIMARY KEY (`id`),
  UNIQUE KEY `client_types_designationclienttypes_unique` (`designationClientTypes`),
  KEY `client_types_users_id_foreign` (`users_id`),
  CONSTRAINT `client_types_users_id_foreign` FOREIGN KEY (`users_id`) REFERENCES `users` (`id`)
) ENGINE=InnoDB AUTO_INCREMENT=4 DEFAULT CHARSET=utf8mb4 COLLATE=utf8mb4_unicode_ci;
/*!40101 SET character_set_client = @saved_cs_client */;

--
-- Dumping data for table `client_types`
--

LOCK TABLES `client_types` WRITE;
/*!40000 ALTER TABLE `client_types` DISABLE KEYS */;
INSERT INTO `client_types` VALUES (1,'client ordinaire',1,'2019-09-03 16:10:50','2019-09-03 16:10:50',NULL),(2,'client semi-grossiste',1,'2019-09-03 16:11:17','2019-09-03 16:11:17',NULL),(3,'client grossiste',1,'2019-09-03 16:11:26','2019-09-03 16:11:33',NULL);
/*!40000 ALTER TABLE `client_types` ENABLE KEYS */;
UNLOCK TABLES;

--
-- Table structure for table `clients`
--

DROP TABLE IF EXISTS `clients`;
/*!40101 SET @saved_cs_client     = @@character_set_client */;
/*!40101 SET character_set_client = utf8 */;
CREATE TABLE `clients` (
  `id` int(10) unsigned NOT NULL AUTO_INCREMENT,
  `nomClients` varchar(255) COLLATE utf8mb4_unicode_ci NOT NULL,
  `telephoneClients` int(11) DEFAULT NULL,
  `emailClients` varchar(255) COLLATE utf8mb4_unicode_ci DEFAULT NULL,
  `achatTotalClients` int(11) NOT NULL DEFAULT '0',
  `frequenceClients` int(11) NOT NULL DEFAULT '0',
  `clientTypes_id` int(10) unsigned NOT NULL,
  `users_id` int(10) unsigned NOT NULL,
  `created_at` timestamp NULL DEFAULT NULL,
  `updated_at` timestamp NULL DEFAULT NULL,
  `deleted_at` timestamp NULL DEFAULT NULL,
  PRIMARY KEY (`id`),
  UNIQUE KEY `clients_telephoneclients_unique` (`telephoneClients`),
  UNIQUE KEY `clients_emailclients_unique` (`emailClients`),
  KEY `clients_clienttypes_id_foreign` (`clientTypes_id`),
  KEY `clients_users_id_foreign` (`users_id`),
  CONSTRAINT `clients_clienttypes_id_foreign` FOREIGN KEY (`clientTypes_id`) REFERENCES `client_types` (`id`),
  CONSTRAINT `clients_users_id_foreign` FOREIGN KEY (`users_id`) REFERENCES `users` (`id`)
) ENGINE=InnoDB AUTO_INCREMENT=10 DEFAULT CHARSET=utf8mb4 COLLATE=utf8mb4_unicode_ci;
/*!40101 SET character_set_client = @saved_cs_client */;

--
-- Dumping data for table `clients`
--

LOCK TABLES `clients` WRITE;
/*!40000 ALTER TABLE `clients` DISABLE KEYS */;
INSERT INTO `clients` VALUES (1,'client un',70707070,NULL,41900,2,2,1,'2019-09-03 16:39:28','2019-09-06 22:41:38',NULL),(2,'client deu',70077007,NULL,0,0,1,1,'2019-09-03 16:40:03','2019-09-03 16:40:33',NULL),(3,'azerty',NULL,NULL,1200,1,2,1,'2019-10-01 10:10:34','2019-10-01 10:10:34',NULL),(4,'azerty1',NULL,NULL,1000,1,2,1,'2019-10-01 10:12:12','2019-10-01 10:12:12',NULL),(5,'azerty',NULL,NULL,7000,1,2,1,'2019-10-01 12:28:25','2019-10-01 12:28:25',NULL),(6,'77777775',NULL,NULL,5000,1,2,1,'2019-10-02 22:15:38','2019-10-02 22:15:38',NULL),(7,'7777777',NULL,NULL,17000,1,2,1,'2019-10-02 22:17:04','2019-10-02 22:17:04',NULL),(8,'polkhgf',NULL,NULL,166000,5,2,1,'2019-10-21 15:42:49','2019-10-22 09:04:53',NULL),(9,'new jack',NULL,NULL,27000,1,2,1,'2019-10-21 16:15:05','2019-10-21 16:15:05',NULL);
/*!40000 ALTER TABLE `clients` ENABLE KEYS */;
UNLOCK TABLES;

--
-- Table structure for table `cloture_journees`
--

DROP TABLE IF EXISTS `cloture_journees`;
/*!40101 SET @saved_cs_client     = @@character_set_client */;
/*!40101 SET character_set_client = utf8 */;
CREATE TABLE `cloture_journees` (
  `id` int(10) unsigned NOT NULL AUTO_INCREMENT,
  `idenfiantClotures` varchar(255) COLLATE utf8mb4_unicode_ci NOT NULL,
  `dateJourneeClotures` varchar(255) COLLATE utf8mb4_unicode_ci NOT NULL,
  `users_id` int(10) unsigned NOT NULL,
  `deleted_at` timestamp NULL DEFAULT NULL,
  `created_at` timestamp NULL DEFAULT NULL,
  `updated_at` timestamp NULL DEFAULT NULL,
  PRIMARY KEY (`id`),
  UNIQUE KEY `cloture_journees_idenfiantclotures_unique` (`idenfiantClotures`),
  KEY `cloture_journees_users_id_foreign` (`users_id`),
  CONSTRAINT `cloture_journees_users_id_foreign` FOREIGN KEY (`users_id`) REFERENCES `users` (`id`)
) ENGINE=InnoDB DEFAULT CHARSET=utf8mb4 COLLATE=utf8mb4_unicode_ci;
/*!40101 SET character_set_client = @saved_cs_client */;

--
-- Dumping data for table `cloture_journees`
--

LOCK TABLES `cloture_journees` WRITE;
/*!40000 ALTER TABLE `cloture_journees` DISABLE KEYS */;
/*!40000 ALTER TABLE `cloture_journees` ENABLE KEYS */;
UNLOCK TABLES;

--
-- Table structure for table `devi_produits`
--

DROP TABLE IF EXISTS `devi_produits`;
/*!40101 SET @saved_cs_client     = @@character_set_client */;
/*!40101 SET character_set_client = utf8 */;
CREATE TABLE `devi_produits` (
  `id` int(10) unsigned NOT NULL AUTO_INCREMENT,
  `prixUnitaireDevis` int(11) NOT NULL,
  `quantiteDevis` int(11) NOT NULL,
  `prixTotalDevis` int(11) NOT NULL,
  `conditionnement` int(11) NOT NULL COMMENT '12 pack ,6 demi pack ,1 bouteille',
  `users_id` int(10) unsigned DEFAULT NULL,
  `produits_id` int(10) unsigned DEFAULT NULL,
  `devis_id` int(10) unsigned DEFAULT NULL,
  `deleted_at` timestamp NULL DEFAULT NULL,
  `created_at` timestamp NULL DEFAULT NULL,
  `updated_at` timestamp NULL DEFAULT NULL,
  PRIMARY KEY (`id`),
  KEY `devi_produits_users_id_foreign` (`users_id`),
  KEY `devi_produits_produits_id_foreign` (`produits_id`),
  KEY `devi_produits_devis_id_foreign` (`devis_id`),
  CONSTRAINT `devi_produits_devis_id_foreign` FOREIGN KEY (`devis_id`) REFERENCES `devis` (`id`),
  CONSTRAINT `devi_produits_produits_id_foreign` FOREIGN KEY (`produits_id`) REFERENCES `produits` (`id`),
  CONSTRAINT `devi_produits_users_id_foreign` FOREIGN KEY (`users_id`) REFERENCES `users` (`id`)
) ENGINE=InnoDB DEFAULT CHARSET=utf8mb4 COLLATE=utf8mb4_unicode_ci;
/*!40101 SET character_set_client = @saved_cs_client */;

--
-- Dumping data for table `devi_produits`
--

LOCK TABLES `devi_produits` WRITE;
/*!40000 ALTER TABLE `devi_produits` DISABLE KEYS */;
/*!40000 ALTER TABLE `devi_produits` ENABLE KEYS */;
UNLOCK TABLES;

--
-- Table structure for table `devis`
--

DROP TABLE IF EXISTS `devis`;
/*!40101 SET @saved_cs_client     = @@character_set_client */;
/*!40101 SET character_set_client = utf8 */;
CREATE TABLE `devis` (
  `id` int(10) unsigned NOT NULL AUTO_INCREMENT,
  `identifiantDevis` varchar(255) COLLATE utf8mb4_unicode_ci NOT NULL,
  `dateDevis` varchar(255) COLLATE utf8mb4_unicode_ci NOT NULL,
  `nomClients` varchar(255) COLLATE utf8mb4_unicode_ci DEFAULT NULL,
  `sommeAPayer` int(11) NOT NULL,
  `montantDevis` int(11) NOT NULL COMMENT 'montant Devis sans la remise',
  `users_id` int(10) unsigned NOT NULL,
  `remises_id` int(10) unsigned DEFAULT NULL,
  `client_types_id` int(10) unsigned NOT NULL,
  `clients_id` int(10) unsigned DEFAULT NULL,
  `created_at` timestamp NULL DEFAULT NULL,
  `updated_at` timestamp NULL DEFAULT NULL,
  `deleted_at` timestamp NULL DEFAULT NULL,
  PRIMARY KEY (`id`),
  UNIQUE KEY `devis_identifiantdevis_unique` (`identifiantDevis`),
  KEY `devis_users_id_foreign` (`users_id`),
  KEY `devis_remises_id_foreign` (`remises_id`),
  KEY `devis_client_types_id_foreign` (`client_types_id`),
  KEY `devis_clients_id_foreign` (`clients_id`),
  CONSTRAINT `devis_client_types_id_foreign` FOREIGN KEY (`client_types_id`) REFERENCES `client_types` (`id`),
  CONSTRAINT `devis_clients_id_foreign` FOREIGN KEY (`clients_id`) REFERENCES `clients` (`id`),
  CONSTRAINT `devis_remises_id_foreign` FOREIGN KEY (`remises_id`) REFERENCES `remises` (`id`),
  CONSTRAINT `devis_users_id_foreign` FOREIGN KEY (`users_id`) REFERENCES `users` (`id`)
) ENGINE=InnoDB DEFAULT CHARSET=utf8mb4 COLLATE=utf8mb4_unicode_ci;
/*!40101 SET character_set_client = @saved_cs_client */;

--
-- Dumping data for table `devis`
--

LOCK TABLES `devis` WRITE;
/*!40000 ALTER TABLE `devis` DISABLE KEYS */;
/*!40000 ALTER TABLE `devis` ENABLE KEYS */;
UNLOCK TABLES;

--
-- Table structure for table `don_produits`
--

DROP TABLE IF EXISTS `don_produits`;
/*!40101 SET @saved_cs_client     = @@character_set_client */;
/*!40101 SET character_set_client = utf8 */;
CREATE TABLE `don_produits` (
  `id` int(10) unsigned NOT NULL AUTO_INCREMENT,
  `quantiteProduitDons` int(11) NOT NULL,
  `conditionnement` int(11) NOT NULL COMMENT '12 pack ,6 demi pack ,1 bouteille',
  `users_id` int(10) unsigned NOT NULL,
  `produits_id` int(10) unsigned DEFAULT NULL,
  `dons_id` int(10) unsigned NOT NULL,
  `clients_id` int(10) unsigned DEFAULT NULL,
  `created_at` timestamp NULL DEFAULT NULL,
  `updated_at` timestamp NULL DEFAULT NULL,
  `deleted_at` timestamp NULL DEFAULT NULL,
  PRIMARY KEY (`id`),
  KEY `don_produits_users_id_foreign` (`users_id`),
  KEY `don_produits_produits_id_foreign` (`produits_id`),
  KEY `don_produits_dons_id_foreign` (`dons_id`),
  KEY `don_produits_clients_id_foreign` (`clients_id`),
  CONSTRAINT `don_produits_clients_id_foreign` FOREIGN KEY (`clients_id`) REFERENCES `clients` (`id`),
  CONSTRAINT `don_produits_dons_id_foreign` FOREIGN KEY (`dons_id`) REFERENCES `dons` (`id`),
  CONSTRAINT `don_produits_produits_id_foreign` FOREIGN KEY (`produits_id`) REFERENCES `produits` (`id`),
  CONSTRAINT `don_produits_users_id_foreign` FOREIGN KEY (`users_id`) REFERENCES `users` (`id`)
) ENGINE=InnoDB DEFAULT CHARSET=utf8mb4 COLLATE=utf8mb4_unicode_ci;
/*!40101 SET character_set_client = @saved_cs_client */;

--
-- Dumping data for table `don_produits`
--

LOCK TABLES `don_produits` WRITE;
/*!40000 ALTER TABLE `don_produits` DISABLE KEYS */;
/*!40000 ALTER TABLE `don_produits` ENABLE KEYS */;
UNLOCK TABLES;

--
-- Table structure for table `dons`
--

DROP TABLE IF EXISTS `dons`;
/*!40101 SET @saved_cs_client     = @@character_set_client */;
/*!40101 SET character_set_client = utf8 */;
CREATE TABLE `dons` (
  `id` int(10) unsigned NOT NULL AUTO_INCREMENT,
  `identifiantDons` varchar(255) COLLATE utf8mb4_unicode_ci NOT NULL,
  `dateDons` varchar(255) COLLATE utf8mb4_unicode_ci NOT NULL,
  `users_id` int(10) unsigned NOT NULL,
  `deleted_at` timestamp NULL DEFAULT NULL,
  `created_at` timestamp NULL DEFAULT NULL,
  `updated_at` timestamp NULL DEFAULT NULL,
  PRIMARY KEY (`id`),
  UNIQUE KEY `dons_identifiantdons_unique` (`identifiantDons`),
  KEY `dons_users_id_foreign` (`users_id`),
  CONSTRAINT `dons_users_id_foreign` FOREIGN KEY (`users_id`) REFERENCES `users` (`id`)
) ENGINE=InnoDB DEFAULT CHARSET=utf8mb4 COLLATE=utf8mb4_unicode_ci;
/*!40101 SET character_set_client = @saved_cs_client */;

--
-- Dumping data for table `dons`
--

LOCK TABLES `dons` WRITE;
/*!40000 ALTER TABLE `dons` DISABLE KEYS */;
/*!40000 ALTER TABLE `dons` ENABLE KEYS */;
UNLOCK TABLES;

--
-- Table structure for table `enrollements`
--

DROP TABLE IF EXISTS `enrollements`;
/*!40101 SET @saved_cs_client     = @@character_set_client */;
/*!40101 SET character_set_client = utf8 */;
CREATE TABLE `enrollements` (
  `id` int(10) unsigned NOT NULL AUTO_INCREMENT,
  `nomEnrolle` varchar(255) COLLATE utf8mb4_unicode_ci NOT NULL,
  `prenomEnrolle` varchar(255) COLLATE utf8mb4_unicode_ci NOT NULL,
  `telephoneEnrolle` int(11) NOT NULL,
  `sexeEnrolle` int(11) NOT NULL,
  `statut` int(11) NOT NULL DEFAULT '0' COMMENT '0 non user ,1 users',
  `users_id` int(11) DEFAULT NULL,
  `postes_id` int(10) unsigned NOT NULL,
  `deleted_at` timestamp NULL DEFAULT NULL,
  `created_at` timestamp NULL DEFAULT NULL,
  `updated_at` timestamp NULL DEFAULT NULL,
  PRIMARY KEY (`id`),
  KEY `enrollements_postes_id_foreign` (`postes_id`),
  CONSTRAINT `enrollements_postes_id_foreign` FOREIGN KEY (`postes_id`) REFERENCES `postes` (`id`)
) ENGINE=InnoDB AUTO_INCREMENT=5 DEFAULT CHARSET=utf8mb4 COLLATE=utf8mb4_unicode_ci;
/*!40101 SET character_set_client = @saved_cs_client */;

--
-- Dumping data for table `enrollements`
--

LOCK TABLES `enrollements` WRITE;
/*!40000 ALTER TABLE `enrollements` DISABLE KEYS */;
INSERT INTO `enrollements` VALUES (1,'usernom1','userprenom1',70707071,0,1,NULL,1,NULL,'2019-09-02 00:43:36','2019-09-02 01:28:25'),(2,'usernom2','userprenom2',70707070,1,1,NULL,2,NULL,'2019-09-02 00:45:52','2019-09-02 01:29:16'),(3,'usernom3','userprenom3',70707073,0,1,NULL,3,NULL,'2019-09-02 01:26:40','2019-10-02 16:09:37'),(4,'usernom4','userprenom4',70707074,1,1,NULL,4,NULL,'2019-09-02 01:27:06','2019-09-02 01:29:59');
/*!40000 ALTER TABLE `enrollements` ENABLE KEYS */;
UNLOCK TABLES;

--
-- Table structure for table `failed_jobs`
--

DROP TABLE IF EXISTS `failed_jobs`;
/*!40101 SET @saved_cs_client     = @@character_set_client */;
/*!40101 SET character_set_client = utf8 */;
CREATE TABLE `failed_jobs` (
  `id` bigint(20) unsigned NOT NULL AUTO_INCREMENT,
  `connection` text COLLATE utf8mb4_unicode_ci NOT NULL,
  `queue` text COLLATE utf8mb4_unicode_ci NOT NULL,
  `payload` longtext COLLATE utf8mb4_unicode_ci NOT NULL,
  `exception` longtext COLLATE utf8mb4_unicode_ci NOT NULL,
  `failed_at` timestamp NOT NULL DEFAULT CURRENT_TIMESTAMP,
  PRIMARY KEY (`id`)
) ENGINE=InnoDB DEFAULT CHARSET=utf8mb4 COLLATE=utf8mb4_unicode_ci;
/*!40101 SET character_set_client = @saved_cs_client */;

--
-- Dumping data for table `failed_jobs`
--

LOCK TABLES `failed_jobs` WRITE;
/*!40000 ALTER TABLE `failed_jobs` DISABLE KEYS */;
/*!40000 ALTER TABLE `failed_jobs` ENABLE KEYS */;
UNLOCK TABLES;

--
-- Table structure for table `famille_produits`
--

DROP TABLE IF EXISTS `famille_produits`;
/*!40101 SET @saved_cs_client     = @@character_set_client */;
/*!40101 SET character_set_client = utf8 */;
CREATE TABLE `famille_produits` (
  `id` int(10) unsigned NOT NULL AUTO_INCREMENT,
  `nomFamilleProduits` varchar(255) COLLATE utf8mb4_unicode_ci NOT NULL,
  `users_id` int(10) unsigned NOT NULL,
  `created_at` timestamp NULL DEFAULT NULL,
  `updated_at` timestamp NULL DEFAULT NULL,
  `deleted_at` timestamp NULL DEFAULT NULL,
  PRIMARY KEY (`id`),
  UNIQUE KEY `famille_produits_nomfamilleproduits_unique` (`nomFamilleProduits`),
  KEY `famille_produits_users_id_foreign` (`users_id`),
  CONSTRAINT `famille_produits_users_id_foreign` FOREIGN KEY (`users_id`) REFERENCES `users` (`id`)
) ENGINE=InnoDB AUTO_INCREMENT=5 DEFAULT CHARSET=utf8mb4 COLLATE=utf8mb4_unicode_ci;
/*!40101 SET character_set_client = @saved_cs_client */;

--
-- Dumping data for table `famille_produits`
--

LOCK TABLES `famille_produits` WRITE;
/*!40000 ALTER TABLE `famille_produits` DISABLE KEYS */;
INSERT INTO `famille_produits` VALUES (1,'boissons alcolise',1,'2019-09-03 10:43:53','2019-09-03 10:43:53',NULL),(2,'boissons non alcolises',1,'2019-09-03 10:44:14','2019-09-03 10:44:14',NULL),(3,'eaux',1,'2019-09-03 10:44:29','2019-09-03 10:44:29',NULL),(4,'lacte',1,'2019-09-03 10:45:02','2019-09-10 18:10:27',NULL);
/*!40000 ALTER TABLE `famille_produits` ENABLE KEYS */;
UNLOCK TABLES;

--
-- Table structure for table `fournisseur_produits`
--

DROP TABLE IF EXISTS `fournisseur_produits`;
/*!40101 SET @saved_cs_client     = @@character_set_client */;
/*!40101 SET character_set_client = utf8 */;
CREATE TABLE `fournisseur_produits` (
  `id` int(10) unsigned NOT NULL AUTO_INCREMENT,
  `fournisseurs_id` int(10) unsigned DEFAULT NULL,
  `produits_id` int(10) unsigned DEFAULT NULL,
  `deleted_at` timestamp NULL DEFAULT NULL,
  `created_at` timestamp NULL DEFAULT NULL,
  `updated_at` timestamp NULL DEFAULT NULL,
  PRIMARY KEY (`id`),
  KEY `fournisseur_produits_fournisseurs_id_foreign` (`fournisseurs_id`),
  KEY `fournisseur_produits_produits_id_foreign` (`produits_id`),
  CONSTRAINT `fournisseur_produits_fournisseurs_id_foreign` FOREIGN KEY (`fournisseurs_id`) REFERENCES `fournisseurs` (`id`),
  CONSTRAINT `fournisseur_produits_produits_id_foreign` FOREIGN KEY (`produits_id`) REFERENCES `produits` (`id`)
) ENGINE=InnoDB AUTO_INCREMENT=8 DEFAULT CHARSET=utf8mb4 COLLATE=utf8mb4_unicode_ci;
/*!40101 SET character_set_client = @saved_cs_client */;

--
-- Dumping data for table `fournisseur_produits`
--

LOCK TABLES `fournisseur_produits` WRITE;
/*!40000 ALTER TABLE `fournisseur_produits` DISABLE KEYS */;
INSERT INTO `fournisseur_produits` VALUES (1,1,1,NULL,NULL,NULL),(2,1,3,NULL,NULL,NULL),(4,2,2,NULL,NULL,NULL),(5,2,4,NULL,NULL,NULL),(6,2,6,NULL,NULL,NULL),(7,1,2,NULL,NULL,NULL);
/*!40000 ALTER TABLE `fournisseur_produits` ENABLE KEYS */;
UNLOCK TABLES;

--
-- Table structure for table `fournisseur_telephones`
--

DROP TABLE IF EXISTS `fournisseur_telephones`;
/*!40101 SET @saved_cs_client     = @@character_set_client */;
/*!40101 SET character_set_client = utf8 */;
CREATE TABLE `fournisseur_telephones` (
  `id` int(10) unsigned NOT NULL AUTO_INCREMENT,
  `numeroFournisseurTelephone` int(11) NOT NULL,
  `fournisseurs_id` int(10) unsigned NOT NULL,
  `users_id` int(10) unsigned NOT NULL,
  `created_at` timestamp NULL DEFAULT NULL,
  `updated_at` timestamp NULL DEFAULT NULL,
  PRIMARY KEY (`id`),
  KEY `fournisseur_telephones_fournisseurs_id_foreign` (`fournisseurs_id`),
  KEY `fournisseur_telephones_users_id_foreign` (`users_id`),
  CONSTRAINT `fournisseur_telephones_fournisseurs_id_foreign` FOREIGN KEY (`fournisseurs_id`) REFERENCES `fournisseurs` (`id`),
  CONSTRAINT `fournisseur_telephones_users_id_foreign` FOREIGN KEY (`users_id`) REFERENCES `users` (`id`)
) ENGINE=InnoDB AUTO_INCREMENT=8 DEFAULT CHARSET=utf8mb4 COLLATE=utf8mb4_unicode_ci;
/*!40101 SET character_set_client = @saved_cs_client */;

--
-- Dumping data for table `fournisseur_telephones`
--

LOCK TABLES `fournisseur_telephones` WRITE;
/*!40000 ALTER TABLE `fournisseur_telephones` DISABLE KEYS */;
INSERT INTO `fournisseur_telephones` VALUES (3,70727170,2,1,'2019-09-03 16:51:20','2019-09-03 16:51:20'),(6,70717171,1,1,'2019-09-03 17:01:38','2019-09-03 17:01:38'),(7,72717171,1,1,'2019-09-03 17:01:38','2019-09-03 17:01:38');
/*!40000 ALTER TABLE `fournisseur_telephones` ENABLE KEYS */;
UNLOCK TABLES;

--
-- Table structure for table `fournisseurs`
--

DROP TABLE IF EXISTS `fournisseurs`;
/*!40101 SET @saved_cs_client     = @@character_set_client */;
/*!40101 SET character_set_client = utf8 */;
CREATE TABLE `fournisseurs` (
  `id` int(10) unsigned NOT NULL AUTO_INCREMENT,
  `nomFournisseurs` varchar(255) COLLATE utf8mb4_unicode_ci NOT NULL,
  `emailFournisseurs` varchar(255) COLLATE utf8mb4_unicode_ci DEFAULT NULL,
  `users_id` int(10) unsigned NOT NULL,
  `deleted_at` timestamp NULL DEFAULT NULL,
  `created_at` timestamp NULL DEFAULT NULL,
  `updated_at` timestamp NULL DEFAULT NULL,
  PRIMARY KEY (`id`),
  KEY `fournisseurs_users_id_foreign` (`users_id`),
  CONSTRAINT `fournisseurs_users_id_foreign` FOREIGN KEY (`users_id`) REFERENCES `users` (`id`)
) ENGINE=InnoDB AUTO_INCREMENT=3 DEFAULT CHARSET=utf8mb4 COLLATE=utf8mb4_unicode_ci;
/*!40101 SET character_set_client = @saved_cs_client */;

--
-- Dumping data for table `fournisseurs`
--

LOCK TABLES `fournisseurs` WRITE;
/*!40000 ALTER TABLE `fournisseurs` DISABLE KEYS */;
INSERT INTO `fournisseurs` VALUES (1,'fournisseur 1','fou@four.un',1,NULL,'2019-09-03 16:50:34','2019-09-03 17:01:37'),(2,'fournisseur deux',NULL,1,NULL,'2019-09-03 16:51:20','2019-09-03 16:57:29');
/*!40000 ALTER TABLE `fournisseurs` ENABLE KEYS */;
UNLOCK TABLES;

--
-- Table structure for table `jobs`
--

DROP TABLE IF EXISTS `jobs`;
/*!40101 SET @saved_cs_client     = @@character_set_client */;
/*!40101 SET character_set_client = utf8 */;
CREATE TABLE `jobs` (
  `id` bigint(20) unsigned NOT NULL AUTO_INCREMENT,
  `queue` varchar(255) COLLATE utf8mb4_unicode_ci NOT NULL,
  `payload` longtext COLLATE utf8mb4_unicode_ci NOT NULL,
  `attempts` tinyint(3) unsigned NOT NULL,
  `reserved_at` int(10) unsigned DEFAULT NULL,
  `available_at` int(10) unsigned NOT NULL,
  `created_at` int(10) unsigned NOT NULL,
  PRIMARY KEY (`id`),
  KEY `jobs_queue_index` (`queue`)
) ENGINE=InnoDB AUTO_INCREMENT=127 DEFAULT CHARSET=utf8mb4 COLLATE=utf8mb4_unicode_ci;
/*!40101 SET character_set_client = @saved_cs_client */;

--
-- Dumping data for table `jobs`
--

LOCK TABLES `jobs` WRITE;
/*!40000 ALTER TABLE `jobs` DISABLE KEYS */;
/*!40000 ALTER TABLE `jobs` ENABLE KEYS */;
UNLOCK TABLES;

--
-- Table structure for table `marque_produits`
--

DROP TABLE IF EXISTS `marque_produits`;
/*!40101 SET @saved_cs_client     = @@character_set_client */;
/*!40101 SET character_set_client = utf8 */;
CREATE TABLE `marque_produits` (
  `id` int(10) unsigned NOT NULL AUTO_INCREMENT,
  `nomMarqueProduits` varchar(255) COLLATE utf8mb4_unicode_ci NOT NULL,
  `users_id` int(10) unsigned NOT NULL,
  `created_at` timestamp NULL DEFAULT NULL,
  `updated_at` timestamp NULL DEFAULT NULL,
  `deleted_at` timestamp NULL DEFAULT NULL,
  PRIMARY KEY (`id`),
  UNIQUE KEY `marque_produits_nommarqueproduits_unique` (`nomMarqueProduits`),
  KEY `marque_produits_users_id_foreign` (`users_id`),
  CONSTRAINT `marque_produits_users_id_foreign` FOREIGN KEY (`users_id`) REFERENCES `users` (`id`)
) ENGINE=InnoDB AUTO_INCREMENT=5 DEFAULT CHARSET=utf8mb4 COLLATE=utf8mb4_unicode_ci;
/*!40101 SET character_set_client = @saved_cs_client */;

--
-- Dumping data for table `marque_produits`
--

LOCK TABLES `marque_produits` WRITE;
/*!40000 ALTER TABLE `marque_produits` DISABLE KEYS */;
INSERT INTO `marque_produits` VALUES (1,'pleisners',1,'2019-09-03 10:23:49','2019-09-03 10:24:08',NULL),(2,'vichy',1,'2019-09-03 10:26:37','2019-09-03 10:35:20',NULL),(3,'sodibo',1,'2019-09-03 10:36:19','2019-09-03 10:36:19',NULL),(4,'firsty',1,'2019-10-02 09:34:43','2019-10-02 09:34:43',NULL);
/*!40000 ALTER TABLE `marque_produits` ENABLE KEYS */;
UNLOCK TABLES;

--
-- Table structure for table `migrations`
--

DROP TABLE IF EXISTS `migrations`;
/*!40101 SET @saved_cs_client     = @@character_set_client */;
/*!40101 SET character_set_client = utf8 */;
CREATE TABLE `migrations` (
  `id` int(10) unsigned NOT NULL AUTO_INCREMENT,
  `migration` varchar(255) COLLATE utf8mb4_unicode_ci NOT NULL,
  `batch` int(11) NOT NULL,
  PRIMARY KEY (`id`)
) ENGINE=InnoDB AUTO_INCREMENT=33 DEFAULT CHARSET=utf8mb4 COLLATE=utf8mb4_unicode_ci;
/*!40101 SET character_set_client = @saved_cs_client */;

--
-- Dumping data for table `migrations`
--

LOCK TABLES `migrations` WRITE;
/*!40000 ALTER TABLE `migrations` DISABLE KEYS */;
/*!40000 ALTER TABLE `migrations` ENABLE KEYS */;
UNLOCK TABLES;

--
-- Table structure for table `notifications`
--

DROP TABLE IF EXISTS `notifications`;
/*!40101 SET @saved_cs_client     = @@character_set_client */;
/*!40101 SET character_set_client = utf8 */;
CREATE TABLE `notifications` (
  `id` char(36) COLLATE utf8mb4_unicode_ci NOT NULL,
  `type` varchar(255) COLLATE utf8mb4_unicode_ci NOT NULL,
  `notifiable_id` int(10) unsigned NOT NULL,
  `notifiable_type` varchar(255) COLLATE utf8mb4_unicode_ci NOT NULL,
  `data` text COLLATE utf8mb4_unicode_ci NOT NULL,
  `read_at` timestamp NULL DEFAULT NULL,
  `created_at` timestamp NULL DEFAULT NULL,
  `updated_at` timestamp NULL DEFAULT NULL,
  PRIMARY KEY (`id`),
  KEY `notifications_notifiable_id_notifiable_type_index` (`notifiable_id`,`notifiable_type`)
) ENGINE=InnoDB DEFAULT CHARSET=utf8mb4 COLLATE=utf8mb4_unicode_ci;
/*!40101 SET character_set_client = @saved_cs_client */;

--
-- Dumping data for table `notifications`
--

LOCK TABLES `notifications` WRITE;
/*!40000 ALTER TABLE `notifications` DISABLE KEYS */;
/*!40000 ALTER TABLE `notifications` ENABLE KEYS */;
UNLOCK TABLES;

--
-- Table structure for table `password_resets`
--

DROP TABLE IF EXISTS `password_resets`;
/*!40101 SET @saved_cs_client     = @@character_set_client */;
/*!40101 SET character_set_client = utf8 */;
CREATE TABLE `password_resets` (
  `email` varchar(255) COLLATE utf8mb4_unicode_ci NOT NULL,
  `token` varchar(255) COLLATE utf8mb4_unicode_ci NOT NULL,
  `created_at` timestamp NULL DEFAULT NULL,
  KEY `password_resets_email_index` (`email`)
) ENGINE=InnoDB DEFAULT CHARSET=utf8mb4 COLLATE=utf8mb4_unicode_ci;
/*!40101 SET character_set_client = @saved_cs_client */;

--
-- Dumping data for table `password_resets`
--

LOCK TABLES `password_resets` WRITE;
/*!40000 ALTER TABLE `password_resets` DISABLE KEYS */;
/*!40000 ALTER TABLE `password_resets` ENABLE KEYS */;
UNLOCK TABLES;

--
-- Table structure for table `postes`
--

DROP TABLE IF EXISTS `postes`;
/*!40101 SET @saved_cs_client     = @@character_set_client */;
/*!40101 SET character_set_client = utf8 */;
CREATE TABLE `postes` (
  `id` int(10) unsigned NOT NULL AUTO_INCREMENT,
  `designationPostes` varchar(255) COLLATE utf8mb4_unicode_ci NOT NULL,
  `deleted_at` timestamp NULL DEFAULT NULL,
  `created_at` timestamp NULL DEFAULT NULL,
  `updated_at` timestamp NULL DEFAULT NULL,
  PRIMARY KEY (`id`)
) ENGINE=InnoDB AUTO_INCREMENT=5 DEFAULT CHARSET=utf8mb4 COLLATE=utf8mb4_unicode_ci;
/*!40101 SET character_set_client = @saved_cs_client */;

--
-- Dumping data for table `postes`
--

LOCK TABLES `postes` WRITE;
/*!40000 ALTER TABLE `postes` DISABLE KEYS */;
INSERT INTO `postes` VALUES (1,'chauffeur',NULL,'2019-09-02 00:34:28','2019-09-02 00:40:37'),(2,'caissier',NULL,'2019-09-02 00:34:43','2019-09-02 01:18:08'),(3,'comptable',NULL,'2019-09-02 00:34:55','2019-09-02 00:34:55'),(4,'magasinier',NULL,'2019-09-02 00:35:02','2019-09-02 01:18:01');
/*!40000 ALTER TABLE `postes` ENABLE KEYS */;
UNLOCK TABLES;

--
-- Table structure for table `produit_ventes`
--

DROP TABLE IF EXISTS `produit_ventes`;
/*!40101 SET @saved_cs_client     = @@character_set_client */;
/*!40101 SET character_set_client = utf8 */;
CREATE TABLE `produit_ventes` (
  `id` int(10) unsigned NOT NULL AUTO_INCREMENT,
  `prixUnitaireProduitVentes` int(11) NOT NULL,
  `quantiteProduitVentes` int(11) NOT NULL,
  `prixTotalProduitVentes` int(11) NOT NULL,
  `conditionnement` int(11) NOT NULL COMMENT '12 pack ,6 demi pack ,1 bouteille',
  `users_id` int(10) unsigned NOT NULL,
  `produits_id` int(10) unsigned NOT NULL,
  `ventes_id` int(10) unsigned NOT NULL,
  `deleted_at` timestamp NULL DEFAULT NULL,
  `created_at` timestamp NULL DEFAULT NULL,
  `updated_at` timestamp NULL DEFAULT NULL,
  PRIMARY KEY (`id`),
  KEY `produit_ventes_users_id_foreign` (`users_id`),
  KEY `produit_ventes_produits_id_foreign` (`produits_id`),
  KEY `produit_ventes_ventes_id_foreign` (`ventes_id`),
  CONSTRAINT `produit_ventes_produits_id_foreign` FOREIGN KEY (`produits_id`) REFERENCES `produits` (`id`),
  CONSTRAINT `produit_ventes_users_id_foreign` FOREIGN KEY (`users_id`) REFERENCES `users` (`id`),
  CONSTRAINT `produit_ventes_ventes_id_foreign` FOREIGN KEY (`ventes_id`) REFERENCES `ventes` (`id`)
) ENGINE=InnoDB AUTO_INCREMENT=31 DEFAULT CHARSET=utf8mb4 COLLATE=utf8mb4_unicode_ci;
/*!40101 SET character_set_client = @saved_cs_client */;

--
-- Dumping data for table `produit_ventes`
--

LOCK TABLES `produit_ventes` WRITE;
/*!40000 ALTER TABLE `produit_ventes` DISABLE KEYS */;
INSERT INTO `produit_ventes` VALUES (13,8500,1,8500,30,1,4,8,NULL,'2019-10-21 15:42:50','2019-10-21 15:42:50'),(14,7500,2,15000,24,1,1,8,NULL,'2019-10-21 15:42:50','2019-10-21 15:42:50'),(15,3500,3,10500,12,1,2,8,NULL,'2019-10-21 15:42:50','2019-10-21 15:42:50'),(16,3000,4,12000,6,1,3,8,NULL,'2019-10-21 15:42:51','2019-10-21 15:42:51'),(17,1200,5,6000,1,1,6,8,NULL,'2019-10-21 15:42:51','2019-10-21 15:42:51'),(18,1000,6,6000,1,1,4,9,NULL,'2019-10-21 15:47:20','2019-10-21 15:47:20'),(19,2000,5,10000,6,1,1,9,NULL,'2019-10-21 15:47:20','2019-10-21 15:47:20'),(20,3000,4,12000,12,1,2,9,NULL,'2019-10-21 15:47:20','2019-10-21 15:47:20'),(21,4000,3,12000,24,1,3,9,NULL,'2019-10-21 15:47:21','2019-10-21 15:47:21'),(22,5000,2,10000,30,1,6,9,NULL,'2019-10-21 15:47:21','2019-10-21 15:47:21'),(23,3500,3,10500,24,1,6,10,NULL,'2019-10-21 15:50:19','2019-10-21 15:50:19'),(24,5000,3,15000,30,1,4,11,'2019-10-22 09:04:52','2019-10-21 15:51:00','2019-10-22 09:04:52'),(25,8500,1,8500,30,1,1,12,NULL,'2019-10-21 15:53:26','2019-10-21 15:53:26'),(26,5000,2,10000,24,1,2,12,NULL,'2019-10-21 15:53:26','2019-10-21 15:53:26'),(27,4000,3,12000,12,1,3,12,NULL,'2019-10-21 15:53:27','2019-10-21 15:53:27'),(28,8500,2,17000,30,1,4,13,NULL,'2019-10-21 16:15:06','2019-10-21 16:15:06'),(29,7500,2,15000,24,1,1,11,NULL,'2019-10-22 09:04:53','2019-10-22 09:04:53'),(30,8000,1,8000,12,1,6,11,NULL,'2019-10-22 09:04:53','2019-10-22 09:04:53');
/*!40000 ALTER TABLE `produit_ventes` ENABLE KEYS */;
UNLOCK TABLES;

--
-- Table structure for table `produits`
--

DROP TABLE IF EXISTS `produits`;
/*!40101 SET @saved_cs_client     = @@character_set_client */;
/*!40101 SET character_set_client = utf8 */;
CREATE TABLE `produits` (
  `id` int(10) unsigned NOT NULL AUTO_INCREMENT,
  `designationProduits` varchar(255) COLLATE utf8mb4_unicode_ci NOT NULL,
  `seuilAlerte` int(11) NOT NULL,
  `famille_produits_id` int(10) unsigned NOT NULL,
  `users_id` int(10) unsigned NOT NULL,
  `marque_produits_id` int(10) unsigned NOT NULL,
  `created_at` timestamp NULL DEFAULT NULL,
  `updated_at` timestamp NULL DEFAULT NULL,
  `deleted_at` timestamp NULL DEFAULT NULL,
  PRIMARY KEY (`id`),
  UNIQUE KEY `produits_designationproduits_unique` (`designationProduits`),
  KEY `produits_famille_produits_id_foreign` (`famille_produits_id`),
  KEY `produits_users_id_foreign` (`users_id`),
  KEY `produits_marque_produits_id_foreign` (`marque_produits_id`),
  CONSTRAINT `produits_famille_produits_id_foreign` FOREIGN KEY (`famille_produits_id`) REFERENCES `famille_produits` (`id`),
  CONSTRAINT `produits_marque_produits_id_foreign` FOREIGN KEY (`marque_produits_id`) REFERENCES `marque_produits` (`id`),
  CONSTRAINT `produits_users_id_foreign` FOREIGN KEY (`users_id`) REFERENCES `users` (`id`)
) ENGINE=InnoDB AUTO_INCREMENT=7 DEFAULT CHARSET=utf8mb4 COLLATE=utf8mb4_unicode_ci;
/*!40101 SET character_set_client = @saved_cs_client */;

--
-- Dumping data for table `produits`
--

LOCK TABLES `produits` WRITE;
/*!40000 ALTER TABLE `produits` DISABLE KEYS */;
INSERT INTO `produits` VALUES (1,'sprites',1201,2,1,3,'2019-09-03 10:46:27','2019-09-03 10:54:54',NULL),(2,'fanta',1500,2,1,3,'2019-09-03 10:47:21','2019-09-03 10:47:21',NULL),(3,'castel',1700,2,1,1,'2019-09-03 10:48:16','2019-09-03 10:48:16',NULL),(4,'guiness',1800,1,1,1,'2019-09-03 10:48:51','2019-09-03 10:48:51',NULL),(5,'lafi',700,3,1,2,'2019-09-03 10:49:20','2019-09-03 10:49:20',NULL),(6,'babali',850,3,1,2,'2019-09-03 10:49:45','2019-09-03 10:49:45',NULL);
/*!40000 ALTER TABLE `produits` ENABLE KEYS */;
UNLOCK TABLES;

--
-- Table structure for table `rebuts`
--

DROP TABLE IF EXISTS `rebuts`;
/*!40101 SET @saved_cs_client     = @@character_set_client */;
/*!40101 SET character_set_client = utf8 */;
CREATE TABLE `rebuts` (
  `id` int(10) unsigned NOT NULL AUTO_INCREMENT,
  `identifiantVentes` varchar(255) COLLATE utf8mb4_unicode_ci NOT NULL,
  `conditionnementRebuts` int(11) NOT NULL,
  `quantiteRebuts` int(11) NOT NULL,
  `users_id` int(10) unsigned DEFAULT NULL,
  `produits_id` int(10) unsigned NOT NULL,
  `Ventes_id` int(10) unsigned NOT NULL,
  `deleted_at` timestamp NULL DEFAULT NULL,
  `created_at` timestamp NULL DEFAULT NULL,
  `updated_at` timestamp NULL DEFAULT NULL,
  PRIMARY KEY (`id`),
  KEY `rebuts_users_id_foreign` (`users_id`),
  KEY `rebuts_produits_id_foreign` (`produits_id`),
  KEY `rebuts_ventes_id_foreign` (`Ventes_id`),
  CONSTRAINT `rebuts_produits_id_foreign` FOREIGN KEY (`produits_id`) REFERENCES `produits` (`id`),
  CONSTRAINT `rebuts_users_id_foreign` FOREIGN KEY (`users_id`) REFERENCES `users` (`id`),
  CONSTRAINT `rebuts_ventes_id_foreign` FOREIGN KEY (`Ventes_id`) REFERENCES `ventes` (`id`)
) ENGINE=InnoDB DEFAULT CHARSET=utf8mb4 COLLATE=utf8mb4_unicode_ci;
/*!40101 SET character_set_client = @saved_cs_client */;

--
-- Dumping data for table `rebuts`
--

LOCK TABLES `rebuts` WRITE;
/*!40000 ALTER TABLE `rebuts` DISABLE KEYS */;
/*!40000 ALTER TABLE `rebuts` ENABLE KEYS */;
UNLOCK TABLES;

--
-- Table structure for table `remises`
--

DROP TABLE IF EXISTS `remises`;
/*!40101 SET @saved_cs_client     = @@character_set_client */;
/*!40101 SET character_set_client = utf8 */;
CREATE TABLE `remises` (
  `id` int(10) unsigned NOT NULL AUTO_INCREMENT,
  `designationRemises` varchar(255) COLLATE utf8mb4_unicode_ci NOT NULL,
  `pourcentageRemises` int(11) NOT NULL,
  `minimumAchatRemises` int(11) NOT NULL,
  `maximumAchatRemises` int(11) NOT NULL,
  `typeRemises` int(11) NOT NULL COMMENT '0 appli sur l montant,1 sur l nb achat ',
  `users_id` int(10) unsigned NOT NULL,
  `deleted_at` timestamp NULL DEFAULT NULL,
  `created_at` timestamp NULL DEFAULT NULL,
  `updated_at` timestamp NULL DEFAULT NULL,
  PRIMARY KEY (`id`),
  KEY `remises_users_id_foreign` (`users_id`),
  CONSTRAINT `remises_users_id_foreign` FOREIGN KEY (`users_id`) REFERENCES `users` (`id`)
) ENGINE=InnoDB AUTO_INCREMENT=3 DEFAULT CHARSET=utf8mb4 COLLATE=utf8mb4_unicode_ci;
/*!40101 SET character_set_client = @saved_cs_client */;

--
-- Dumping data for table `remises`
--

LOCK TABLES `remises` WRITE;
/*!40000 ALTER TABLE `remises` DISABLE KEYS */;
INSERT INTO `remises` VALUES (1,'pr',5,10000,20000,0,1,NULL,'2019-10-03 09:47:53','2019-10-03 09:53:44'),(2,'prrr',10,1,3,1,1,NULL,'2019-10-03 21:11:47','2019-10-03 21:11:47');
/*!40000 ALTER TABLE `remises` ENABLE KEYS */;
UNLOCK TABLES;

--
-- Table structure for table `stocks`
--

DROP TABLE IF EXISTS `stocks`;
/*!40101 SET @saved_cs_client     = @@character_set_client */;
/*!40101 SET character_set_client = utf8 */;
CREATE TABLE `stocks` (
  `id` int(10) unsigned NOT NULL AUTO_INCREMENT,
  `quantiteAnterieur` int(11) NOT NULL,
  `quantiteActuel` int(11) NOT NULL,
  `variationQuantite` int(11) NOT NULL,
  `quantitePhysique` int(11) DEFAULT NULL,
  `dateApprovissionnement` varchar(255) COLLATE utf8mb4_unicode_ci NOT NULL,
  `produits_id` int(10) unsigned NOT NULL,
  `users_id` int(10) unsigned NOT NULL,
  `approvissionnements_id` int(10) unsigned DEFAULT NULL,
  `rebuts_id` int(10) unsigned DEFAULT NULL,
  `dons_id` int(10) unsigned DEFAULT NULL,
  `ventes_id` int(10) unsigned DEFAULT NULL,
  `deleted_at` timestamp NULL DEFAULT NULL,
  `created_at` timestamp NULL DEFAULT NULL,
  `updated_at` timestamp NULL DEFAULT NULL,
  PRIMARY KEY (`id`),
  KEY `stocks_produits_id_foreign` (`produits_id`),
  KEY `stocks_users_id_foreign` (`users_id`),
  KEY `stocks_approvissionnements_id_foreign` (`approvissionnements_id`),
  KEY `stocks_rebuts_id_foreign` (`rebuts_id`),
  KEY `stocks_dons_id_foreign` (`dons_id`),
  KEY `stocks_ventes_id_foreign` (`ventes_id`),
  CONSTRAINT `stocks_approvissionnements_id_foreign` FOREIGN KEY (`approvissionnements_id`) REFERENCES `approvissionnements` (`id`),
  CONSTRAINT `stocks_dons_id_foreign` FOREIGN KEY (`dons_id`) REFERENCES `dons` (`id`),
  CONSTRAINT `stocks_produits_id_foreign` FOREIGN KEY (`produits_id`) REFERENCES `produits` (`id`),
  CONSTRAINT `stocks_rebuts_id_foreign` FOREIGN KEY (`rebuts_id`) REFERENCES `rebuts` (`id`),
  CONSTRAINT `stocks_users_id_foreign` FOREIGN KEY (`users_id`) REFERENCES `users` (`id`),
  CONSTRAINT `stocks_ventes_id_foreign` FOREIGN KEY (`ventes_id`) REFERENCES `ventes` (`id`)
) ENGINE=InnoDB AUTO_INCREMENT=25 DEFAULT CHARSET=utf8mb4 COLLATE=utf8mb4_unicode_ci;
/*!40101 SET character_set_client = @saved_cs_client */;

--
-- Dumping data for table `stocks`
--

LOCK TABLES `stocks` WRITE;
/*!40000 ALTER TABLE `stocks` DISABLE KEYS */;
INSERT INTO `stocks` VALUES (1,0,600,600,NULL,'2019-10-21 15:35:47',1,1,3,NULL,NULL,NULL,NULL,'2019-10-21 15:35:47','2019-10-21 15:35:47'),(2,0,600,600,NULL,'2019-10-21 15:35:47',2,1,3,NULL,NULL,NULL,NULL,'2019-10-21 15:35:47','2019-10-21 15:35:47'),(3,0,600,600,NULL,'2019-10-21 15:35:48',3,1,3,NULL,NULL,NULL,NULL,'2019-10-21 15:35:48','2019-10-21 15:35:48'),(4,0,600,600,NULL,'2019-10-21 15:35:48',4,1,3,NULL,NULL,NULL,NULL,'2019-10-21 15:35:48','2019-10-21 15:35:48'),(5,0,600,600,NULL,'2019-10-21 15:35:48',6,1,3,NULL,NULL,NULL,NULL,'2019-10-21 15:35:48','2019-10-21 15:35:48'),(6,600,570,30,NULL,'2019-10-21 15:42:50',4,1,NULL,NULL,NULL,8,NULL,'2019-10-21 15:42:50','2019-10-21 15:42:50'),(7,600,552,48,NULL,'2019-10-21 15:42:50',1,1,NULL,NULL,NULL,8,NULL,'2019-10-21 15:42:50','2019-10-21 15:42:50'),(8,600,564,36,NULL,'2019-10-21 15:42:51',2,1,NULL,NULL,NULL,8,NULL,'2019-10-21 15:42:51','2019-10-21 15:42:51'),(9,600,576,24,NULL,'2019-10-21 15:42:51',3,1,NULL,NULL,NULL,8,NULL,'2019-10-21 15:42:51','2019-10-21 15:42:51'),(10,600,595,5,NULL,'2019-10-21 15:42:51',6,1,NULL,NULL,NULL,8,NULL,'2019-10-21 15:42:51','2019-10-21 15:42:51'),(11,570,564,6,NULL,'2019-10-21 15:47:20',4,1,NULL,NULL,NULL,9,NULL,'2019-10-21 15:47:20','2019-10-21 15:47:20'),(12,552,522,30,NULL,'2019-10-21 15:47:20',1,1,NULL,NULL,NULL,9,NULL,'2019-10-21 15:47:20','2019-10-21 15:47:20'),(13,564,516,48,NULL,'2019-10-21 15:47:21',2,1,NULL,NULL,NULL,9,NULL,'2019-10-21 15:47:21','2019-10-21 15:47:21'),(14,576,504,72,NULL,'2019-10-21 15:47:21',3,1,NULL,NULL,NULL,9,NULL,'2019-10-21 15:47:21','2019-10-21 15:47:21'),(15,595,535,60,NULL,'2019-10-21 15:47:21',6,1,NULL,NULL,NULL,9,NULL,'2019-10-21 15:47:21','2019-10-21 15:47:21'),(16,535,463,72,NULL,'2019-10-21 15:50:19',6,1,NULL,NULL,NULL,10,NULL,'2019-10-21 15:50:19','2019-10-21 15:50:19'),(17,564,474,90,NULL,'2019-10-21 15:51:00',4,1,NULL,NULL,NULL,11,'2019-10-22 09:04:52','2019-10-21 15:51:00','2019-10-22 09:04:52'),(18,522,492,30,NULL,'2019-10-21 15:53:26',1,1,NULL,NULL,NULL,12,NULL,'2019-10-21 15:53:26','2019-10-21 15:53:26'),(19,516,468,48,NULL,'2019-10-21 15:53:26',2,1,NULL,NULL,NULL,12,NULL,'2019-10-21 15:53:26','2019-10-21 15:53:26'),(20,504,468,36,NULL,'2019-10-21 15:53:27',3,1,NULL,NULL,NULL,12,NULL,'2019-10-21 15:53:27','2019-10-21 15:53:27'),(21,474,414,60,NULL,'2019-10-21 16:15:06',4,1,NULL,NULL,NULL,13,NULL,'2019-10-21 16:15:06','2019-10-21 16:15:06'),(22,414,504,90,NULL,'2019-10-22 09:04:52',4,1,NULL,NULL,NULL,11,NULL,'2019-10-22 09:04:52','2019-10-22 09:04:52'),(23,492,444,48,NULL,'2019-10-22 09:04:53',1,1,NULL,NULL,NULL,11,NULL,'2019-10-22 09:04:53','2019-10-22 09:04:53'),(24,463,451,12,NULL,'2019-10-22 09:04:53',6,1,NULL,NULL,NULL,11,NULL,'2019-10-22 09:04:53','2019-10-22 09:04:53');
/*!40000 ALTER TABLE `stocks` ENABLE KEYS */;
UNLOCK TABLES;

--
-- Table structure for table `users`
--

DROP TABLE IF EXISTS `users`;
/*!40101 SET @saved_cs_client     = @@character_set_client */;
/*!40101 SET character_set_client = utf8 */;
CREATE TABLE `users` (
  `id` int(10) unsigned NOT NULL AUTO_INCREMENT,
  `username` varchar(255) COLLATE utf8mb4_unicode_ci DEFAULT NULL,
  `email` varchar(255) COLLATE utf8mb4_unicode_ci NOT NULL,
  `password` varchar(255) COLLATE utf8mb4_unicode_ci NOT NULL,
  `droit` int(11) NOT NULL COMMENT '1 ajout , 2 modif , 4 desactiver',
  `autorisation` int(11) NOT NULL,
  `statut` int(11) NOT NULL DEFAULT '0' COMMENT '0 pour actif , 1 pour inactif',
  `enrolle_id` int(10) unsigned NOT NULL,
  `remember_token` varchar(100) COLLATE utf8mb4_unicode_ci DEFAULT NULL,
  `created_at` timestamp NULL DEFAULT NULL,
  `updated_at` timestamp NULL DEFAULT NULL,
  `deleted_at` timestamp NULL DEFAULT NULL,
  PRIMARY KEY (`id`),
  UNIQUE KEY `users_email_unique` (`email`),
  UNIQUE KEY `users_username_unique` (`username`),
  KEY `users_enrolle_id_foreign` (`enrolle_id`),
  CONSTRAINT `users_enrolle_id_foreign` FOREIGN KEY (`enrolle_id`) REFERENCES `enrollements` (`id`)
) ENGINE=InnoDB AUTO_INCREMENT=5 DEFAULT CHARSET=utf8mb4 COLLATE=utf8mb4_unicode_ci;
/*!40101 SET character_set_client = @saved_cs_client */;

--
-- Dumping data for table `users`
--

LOCK TABLES `users` WRITE;
/*!40000 ALTER TABLE `users` DISABLE KEYS */;
INSERT INTO `users` VALUES (1,'username1','bb@bb.b1','$2y$10$CljyN.iQNe24s12YLLSVBOlQuP8kdezBPITw12i7WvH7lsx6RD8kq',7,3,0,1,'B31ri179pdLvcG1xmDXzpp5sKmYMKdTItElh5UJtJpPgiAe1jXFKDq2ZiEhS','2019-09-02 01:28:25','2019-09-02 01:28:25',NULL),(2,'username2','bb@bb.b2','$2y$10$rliDH.FpWm0y1MxIwfnemu7S0K3DSMe4dhSonqtvo5/ovJQbdNOuq',3,2,0,2,NULL,'2019-09-02 01:29:16','2019-09-02 01:29:16',NULL),(3,'username3','bb@bb.b3','$2y$10$xOYxpSjsm/ji60dkgmqQEuTAlh4ZXph/5lLl6g646cmdKbPEPo3jW',1,2,0,3,'LNjmfT3CFf8dXXO0O239R3QDOpnobmqjehgOP95trUCspwvmprqsWri0X5Gs','2019-09-02 01:29:37','2019-09-10 09:58:59',NULL),(4,'personnel','bbb@bbb.com','$2y$10$fcbO2dnC6a7JB5v7CAF/XOEuI.48GnuQpZ.P0xuOL5mFmZxOYZhuq',3,2,0,3,NULL,'2019-10-02 16:09:37','2019-10-02 16:09:37',NULL);
/*!40000 ALTER TABLE `users` ENABLE KEYS */;
UNLOCK TABLES;

--
-- Table structure for table `ventes`
--

DROP TABLE IF EXISTS `ventes`;
/*!40101 SET @saved_cs_client     = @@character_set_client */;
/*!40101 SET character_set_client = utf8 */;
CREATE TABLE `ventes` (
  `id` int(10) unsigned NOT NULL AUTO_INCREMENT,
  `identifiantVentes` varchar(255) COLLATE utf8mb4_unicode_ci NOT NULL,
  `dateVentes` varchar(255) COLLATE utf8mb4_unicode_ci NOT NULL,
  `nomClients` varchar(255) COLLATE utf8mb4_unicode_ci DEFAULT NULL,
  `sommePayer` int(11) NOT NULL COMMENT 'montant facture avec la remise si y en a',
  `sommeAPayer` int(11) NOT NULL,
  `sommeRestante` int(11) NOT NULL,
  `infoVersement` varchar(255) COLLATE utf8mb4_unicode_ci DEFAULT NULL COMMENT 'info sur le versement ,tel id virement bancaire',
  `versement` int(11) NOT NULL COMMENT 'entre cash , check, virement banquaire',
  `montantVente` int(11) NOT NULL COMMENT 'montant facture sans la remise',
  `users_id` int(10) unsigned NOT NULL,
  `remises_id` int(10) unsigned DEFAULT NULL,
  `client_types_id` int(10) unsigned NOT NULL,
  `clients_id` int(10) unsigned DEFAULT NULL,
  `created_at` timestamp NULL DEFAULT NULL,
  `updated_at` timestamp NULL DEFAULT NULL,
  `deleted_at` timestamp NULL DEFAULT NULL,
  PRIMARY KEY (`id`),
  UNIQUE KEY `ventes_identifiantventes_unique` (`identifiantVentes`),
  KEY `ventes_users_id_foreign` (`users_id`),
  KEY `ventes_remises_id_foreign` (`remises_id`),
  KEY `ventes_client_types_id_foreign` (`client_types_id`),
  KEY `ventes_clients_id_foreign` (`clients_id`),
  CONSTRAINT `ventes_client_types_id_foreign` FOREIGN KEY (`client_types_id`) REFERENCES `client_types` (`id`),
  CONSTRAINT `ventes_clients_id_foreign` FOREIGN KEY (`clients_id`) REFERENCES `clients` (`id`),
  CONSTRAINT `ventes_remises_id_foreign` FOREIGN KEY (`remises_id`) REFERENCES `remises` (`id`),
  CONSTRAINT `ventes_users_id_foreign` FOREIGN KEY (`users_id`) REFERENCES `users` (`id`)
) ENGINE=InnoDB AUTO_INCREMENT=14 DEFAULT CHARSET=utf8mb4 COLLATE=utf8mb4_unicode_ci;
/*!40101 SET character_set_client = @saved_cs_client */;

--
-- Dumping data for table `ventes`
--

LOCK TABLES `ventes` WRITE;
/*!40000 ALTER TABLE `ventes` DISABLE KEYS */;
INSERT INTO `ventes` VALUES (8,'Vte/21/10/19/1','2019-10-21 15:42:49','polkhgf',52000,52000,0,NULL,1,52000,1,NULL,2,8,'2019-10-21 15:42:49','2019-10-21 15:42:49',NULL),(9,'Vte/21/10/19/9','2019-10-21 15:47:19','polkhgf (  )',50000,50000,0,NULL,1,50000,1,NULL,2,8,'2019-10-21 15:47:19','2019-10-21 15:47:19',NULL),(10,'Vte/21/10/19/10','2019-10-21 15:50:18','polkhgf (  )',10500,10500,0,NULL,1,10500,1,NULL,2,8,'2019-10-21 15:50:18','2019-10-21 15:50:18',NULL),(11,'Vte/21/10/19/11','2019-10-21 15:50:59','polkhgf (  )',23000,23000,0,NULL,1,23000,1,NULL,2,8,'2019-10-21 15:50:59','2019-10-22 09:04:53',NULL),(12,'Vte/21/10/19/12','2019-10-21 15:53:25','polkhgf (  )',30500,30500,0,NULL,1,30500,1,NULL,2,8,'2019-10-21 15:53:25','2019-10-21 15:53:25',NULL),(13,'Vte/21/10/19/13','2019-10-21 16:15:05','new jack',27000,27000,0,NULL,1,27000,1,NULL,2,9,'2019-10-21 16:15:05','2019-10-21 16:15:05',NULL);
/*!40000 ALTER TABLE `ventes` ENABLE KEYS */;
UNLOCK TABLES;

--
-- Table structure for table `versements`
--

DROP TABLE IF EXISTS `versements`;
/*!40101 SET @saved_cs_client     = @@character_set_client */;
/*!40101 SET character_set_client = utf8 */;
CREATE TABLE `versements` (
  `id` int(10) unsigned NOT NULL AUTO_INCREMENT,
  `montantVersement` int(11) NOT NULL,
  `dateVersements` varchar(255) COLLATE utf8mb4_unicode_ci NOT NULL,
  `typeVersements_id` int(11) NOT NULL,
  `infoVerseur` varchar(255) COLLATE utf8mb4_unicode_ci NOT NULL,
  `clients_id` int(10) unsigned DEFAULT NULL,
  `users_id` int(10) unsigned NOT NULL,
  `deleted_at` timestamp NULL DEFAULT NULL,
  `created_at` timestamp NULL DEFAULT NULL,
  `updated_at` timestamp NULL DEFAULT NULL,
  PRIMARY KEY (`id`),
  KEY `versements_clients_id_foreign` (`clients_id`),
  KEY `versements_users_id_foreign` (`users_id`),
  CONSTRAINT `versements_clients_id_foreign` FOREIGN KEY (`clients_id`) REFERENCES `clients` (`id`),
  CONSTRAINT `versements_users_id_foreign` FOREIGN KEY (`users_id`) REFERENCES `users` (`id`)
) ENGINE=InnoDB AUTO_INCREMENT=2 DEFAULT CHARSET=utf8mb4 COLLATE=utf8mb4_unicode_ci;
/*!40101 SET character_set_client = @saved_cs_client */;

--
-- Dumping data for table `versements`
--

LOCK TABLES `versements` WRITE;
/*!40000 ALTER TABLE `versements` DISABLE KEYS */;
INSERT INTO `versements` VALUES (1,15000,'2019-09-08 22:44:42',1,'azertyuio',1,1,NULL,'2019-09-08 22:44:42','2019-09-08 22:44:42');
/*!40000 ALTER TABLE `versements` ENABLE KEYS */;
UNLOCK TABLES;
/*!40103 SET TIME_ZONE=@OLD_TIME_ZONE */;

/*!40101 SET SQL_MODE=@OLD_SQL_MODE */;
/*!40014 SET FOREIGN_KEY_CHECKS=@OLD_FOREIGN_KEY_CHECKS */;
/*!40014 SET UNIQUE_CHECKS=@OLD_UNIQUE_CHECKS */;
/*!40101 SET CHARACTER_SET_CLIENT=@OLD_CHARACTER_SET_CLIENT */;
/*!40101 SET CHARACTER_SET_RESULTS=@OLD_CHARACTER_SET_RESULTS */;
/*!40101 SET COLLATION_CONNECTION=@OLD_COLLATION_CONNECTION */;
/*!40111 SET SQL_NOTES=@OLD_SQL_NOTES */;

-- Dump completed on 2019-10-22 10:49:30
